start	end	text
0	7160	All right, so sorry those of you online, I can't figure out how to see you while I'm
7160	11320	doing a PowerPoint, so bear with me on that.
11320	18400	Okay, so when you hear the term performance-based learning, what do you think of?
18400	21720	You think cars?
22240	34080	You think cars? Okay, I think just striving to get better, to perform
34080	40800	higher in the classroom. Okay, all right. Anybody else online want to say
40800	43720	something about performance-based learning, what they think of when they
43720	50760	hear that term? This is Marlene. I think of being active, doing something active.
51520	60840	Physically. Okay, active, doing something physically, good.
70880	78080	Okay, so performance-based learning typically includes activity, this is the
78120	82720	definition we're going to use, includes activities and tasks that are authentic
82720	86800	and meaningful to the students. Performance-based learning focuses on
86800	91960	how the content is taught and assessed, not on the specific information covered
91960	97000	in the course, so it can be applied across different content areas and
97000	103480	instructional levels, okay, really demonstrating something. Okay, so when you
103480	109280	think about being a technical college and what we teach here at the technical
109280	114520	college, we're teaching that performance-based learning, right? Lauren, I'm
114520	120480	looking at you right away, right, with Cosmo, like you have the salon down there,
120480	124560	the students are performing every day when they're practicing and you're
124560	131640	giving them pointers, right, on how to do nails or how to improve, so they're
132440	137160	getting that work and that hands-on and that performance-based every day.
137160	146920	So we're going to start by reviewing Maslow's hierarchy of needs. I'm hoping
146920	151440	that this, everyone has probably seen this a little bit, sometime in their life
151440	158760	they've been familiar with it, but understanding Maslow's pyramid
158800	165000	really helps us understand how we can help our students perform. So we're going
165000	170440	to start with a short two-minute video. Those of you online, I marked share sound,
170440	177880	so it should work. Give me, yell at me or something if it does it. So again, it's
177880	182920	about a two-minute video to introduce us to the concepts.
188760	203600	Maslow's hierarchy of needs is one of the best-known theories of motivation. It
203600	207720	was developed by humanistic psychologist Abraham Maslow in the mid 20th century.
207720	212360	This theory suggests people are motivated to fulfill basic needs before
212360	218760	moving on to more advanced needs. As a humanist, Maslow believed people are
218760	222800	born with a desire to be self-actualized, which in his own words may be loosely
222800	226760	described as the full use and exploitation of talents, capabilities, and
226760	231520	potentials. However, in order to achieve these ultimate goals, more basic needs
231520	236960	like food, safety, and self-esteem must be met. Maslow's hierarchy is often
236960	242200	displayed as a pyramid. At the base are the most basic psychological needs, food,
242200	248880	water, sleep, and warmth. At the second level, the needs for security and safety
248880	252320	become primary. This can include financial security, health and wellness,
252320	257200	and safety from injury. Progression up the pyramid deepens the significance of
257200	262080	social needs like love, friendship, and intimacy. The fourth level in Maslow's
262080	265600	hierarchy prioritizes the need for personal esteem and feelings of
265600	270520	accomplishment. At the very peak of Maslow's hierarchy are the self-actualization
270520	274960	needs. Here people are self-aware, concerned with personal growth, less
274960	278120	concerned with the opinions of others, and interested in fulfilling their
278120	283320	potential. Rather than focusing on a normal behavior and development, Maslow's
283320	286960	humanistic psychology takes a different approach, focusing on the development of
286960	290920	healthy individuals. And while there is relatively little research supporting
290920	294480	the theory, Maslow's hierarchy of needs represents an important shift in the
294480	297480	field of psychology.
300520	311760	Okay, so we have that pyramid there that shows us meeting the basic needs first
311760	318200	and then moving up to that self-actualization. If you think about it,
318200	324080	our students perform the best in the classroom when all these needs are met
324320	332680	first, right? And they perform better in the classroom when those needs are met,
332680	340600	which is why on campus we have Robin to help with mental health, we
340600	351280	have the food pantry, we have resources, we have the charger dream fund,
352040	359560	or grants that people can get gas cards, right? Because those of us that have been
359560	364400	in the classroom a while, or even maybe just a short time, we have seen, right?
364400	368840	Sometimes you see a student who's performing well, or all of a sudden
368840	372800	something happens, or they appear to be struggling, but like you know that they
372800	378200	can do it. And sometimes it's because they're focusing on meeting these needs
378360	384240	down here first before they can really perform well. You know, maybe they're
384240	390920	working a job outside of class 40 hours a week and trying to go full-time, raise
390920	397040	a family, okay? And so sometimes performing in the classroom might not be
397040	403480	their top priority. And so when we understand this, we can kind of
403480	410400	help plan our curriculum and our assessments to really aid in being
410400	416320	fulfilled, being creative, being spontaneous, right? Problem solving and
416320	425560	in doing that. Okay. This one is something else you probably have heard. In fact, I see
425560	428800	it sitting right here from another FQAS session, okay?
429240	436120	Bloom's Technology, okay? This is the hierarchical model that classifies
436120	442840	learning objectives into six skills, each representing a different
442840	449120	cognitive skill. And you can see that we start down here at remembering,
449120	454760	understanding, applying, analyzing, evaluating, and creating. And these are the
454760	463800	lower thinking skills, and these are the higher thinking skills. And when we talk
463800	467320	about curriculum development, specifically when we're writing
467320	473760	curriculum in WIDS, okay, and we're writing those course competencies, we
473760	480600	really want to focus on these higher order thinking skills, okay? And so we're
480600	483640	going to take some time here to see that, but we're going to look at competencies in
483640	492040	your class, and hopefully you see verbs associated with that. Okay, this slide is
492040	500960	actually in Schoology, in the class that you're in, so you can go out there and use it,
500960	509480	maybe print it off, but this is a slide that gives you verbs that you can use,
510440	518400	okay, on here to help you understand what you're asking the students to do at each
518400	524000	level, okay? And so you can see when we're talking about the lower level, we're
524000	529640	talking about asking students to do things like arrange, define, describe,
529640	538120	order, outline, very simplistic concepts. But when we get up here to things like
538120	544640	analysis, synthesis, evaluation, okay, we're looking at, we want them to do
544640	555120	things like conclude, evaluate, categorize, summarize, calculate, okay? We're
555120	562600	really looking at a higher level, higher level things that we're asking them to
562600	570120	do. And when we look at these higher level verbs up here, are these verbs more
570120	578040	performance-based verbs really performing something up here? Then we are down here,
578040	586560	right? Up here we can really see, like, assemble, okay? So I'm thinking automation
586560	593880	stuff, right? We're assembling stuff. Medical lab, right? Back there, what would
593880	598440	be a good one related to that? You're setting things up, right? Can you
598440	605480	specifically set it up? Cosmo, you know, what would be a good one for Cosmo?
605480	611840	Experimenting, right? You know, so you can see that there's definitely different
611840	619200	things associated with that. Another thing I want to show you and I
619200	627380	believe, here is another form, I think this one's on Schoology as well, as a way
627380	637440	to really think about those critical thinking skills and applying them to
637480	641840	two different verbs and questions to ask yourself as you're writing that
641840	651400	curriculum, as you're writing in those course competencies. So one thing I
651400	670880	do have is what I call my verb list. And I've had this verb list for a very long
670880	679400	time, since I took this course years ago, which things have changed how it was
679400	689240	there. But my verb list looks like this.
710400	716480	Anyways, I have a verb list that looks like this, okay? And it's supposed to be
716480	721280	on Schoology, I don't want to start working there. And you can see, again, it's based on the
721280	728920	lower to higher Bloom's technology. And one of the first things I do when I'm
728920	737080	writing course competencies is I dig out my verb list. And I start with my verb
737080	741440	list, because when you write those course competencies, that curriculum, you
741440	746700	want them to start with an action verb. And so I use this verb list to help
746700	755480	decide what we're going to physically ask the student to do. So just to give
755480	763280	you an example, we're going to go to WIDS now.
767080	780960	All right, so in WIDS, for those of you that don't know, WIDS is our curriculum
780960	786720	software program that we use, and that's what WTCS system use. Lisa Riley and Tina
786720	794760	Lees on campus are our WIDS people. So if you need help specifically like putting
794760	800160	stuff in there, or getting new classes in there, or you're having issues getting
800160	806600	in to change something, let them know. When it comes to using them, you can
806600	812080	reach out to me. We have WIDS coaches on campus through the curriculum committee.
812080	816600	I'm not sure who actually they all are. I know Joe Brandil is one, I think Chris
816600	824320	Scoville is one. You can reach out to them for help as well. But I want to show
824320	828120	you my favorite classes.
839040	843880	Okay, so this is a course that I teach. Actually, it's a course I've been teaching
843880	850600	for 17 years, and I have changed it a couple times as we've gone
850600	855240	through different curriculum changes. So when you log into WIDS, when you blend
855240	862560	your course, you're going to come to a page that looks like this. And here, you
862560	870760	will see things, you will see your course outcomes, right? The course competency. So
870760	877800	I want you to look through, as I show you this class, this particular class, you
877840	883120	will notice we have course competencies, and each competency has learning
883120	889560	objectives, okay? What I want you to pay attention to here is, as we, these course
889560	894760	competencies, are you seeing those higher level verbs associated with looms
894760	904640	technology here? Summarize, okay? So the main, the main competency should be those
904640	912240	higher level looms text, sexonomy verbs. You get down to these learning objectives, it's
912240	921520	okay to use some of those lower level verbs, like explain, discuss, because you
921560	929840	sometimes you have to do those lower level activities first in order to totally
929840	937440	be able to summarize, right? And so you can see those different things on here.
937440	942320	Here we have diagram. I think diagram might actually be a lower level one, but
942320	947160	for this particular thing, it works well, right? I want them to diagram. But then I
947160	961160	get down here, demonstrate, right? Evaluate, okay? Categorize, okay? So what I'm asking
961160	965240	students to do here, these are probably the three major ones, categorize,
965240	972480	evaluate, demonstrate, okay? Methods to test feed. You know, I, we're talking
972480	977640	about evaluating the feed test report. My students are physically given a feed
977640	983640	test report, and they have to look at it and tell me how is that going to impact
983640	990800	the energy level that the cow eats? How is it going to impact milk production?
990800	996920	How's it going to impact how that animal grows? Is it going to impact how well
996920	1002760	they eat it, the digestibility and their intake? Okay, I'm not speaking Austin's
1002760	1007720	terms a little bit. I know this background, but you know, but those types
1007720	1014840	of things. And it's challenging for the students at first to really comprehend
1014840	1021160	and pull all that together, but through lots of practice, they're able to do
1021200	1029520	that, okay? And I'm able to actually, because I'm a dairy farmer myself, I use
1029520	1035280	our test report. So they're seeing real actual stuff that we use every day on our
1035280	1039080	farm. I actually work with my nutritionist too, and she doesn't like to
1039080	1045840	share with me, but I'll be like, Katie, I need some bad feed reports. And she's
1045840	1051960	like, oh, okay. So I can show what a bad corn silage is, or what a bad haylage is,
1051960	1057600	so they can see the difference in the numbers. And then how I totally assess
1057600	1067400	that one is they are given a stack of haylage reports, a stack of corn silage
1067400	1072680	reports, and a stack of dry hay reports, and they have to rate that. Which one do
1072680	1077060	they consider the best, and which one do they consider the worst, and why? And they
1077060	1085120	have to use the term digestibility, dry matter intake, okay, protein, energy. They
1085120	1090960	have to use all that to really show and demonstrate, and help show me that they
1090960	1100240	can evaluate a feed test report, okay? You will also see as you look through
1100280	1109240	with here, okay, they evaluate assessment strategies. We talked about the objectives,
1109240	1113280	those lower levels. We will also see under each one here in some assessment
1113280	1124080	strategies, how different ways that you could use to assess, and then how will the
1124080	1129080	student know when they are successful. So right here you can see write a report
1129120	1139640	explaining the details of the feed test report. And so those understanding, those
1139640	1143680	different types of assessments in this program. One thing I also like to do is I
1143680	1150040	like to do scenarios. In a lot of my advanced level classes, we'll give
1150040	1155840	them a scenario and tell them, especially when we're balancing rations, okay, what
1155840	1164320	are you going to do in this scenario? Demonstrations for this class. Like I said,
1164320	1174080	using the feed test reports, but I also take them out to the farm, and I make
1174080	1180840	them walk cows, okay? So when we're, with my farm being only five minutes from
1180840	1185560	campus, it gives quite a bit to the farm. But when we're talking about the
1185560	1190840	digestibility of feeds in cattle, we're talking about you got to analyze their
1190840	1197040	feces, their poop, okay? Comes with the game, all right? So I make them go up to
1197040	1204480	my farm and tell me my cows have good or bad poop, right? And it's, I think it's
1204480	1210080	one of the funnest labs. Some of them enjoy it. Some of them hate it. Some of
1210080	1213160	them definitely determine they do not want it. It's funny, they come into animal
1213160	1217720	nutrition class, and they want to work in animal nutrition. I know Austin's sister
1217720	1223400	does. And then they leave the class, I don't want anything to do with it. So
1223400	1228160	it's, so it's, so there's a lot of different ways that we have that we
1228160	1232360	demonstrate those performance-based learnings. So think about that. Any
1232360	1242240	questions on using this? Now, something I've added to this is, let's see if
1242240	1259600	we can get it. We have AI on campus, right? And we, we're promoting using it for
1259600	1267000	different things, right? So, you know, you could use AI to help you design
1267000	1271560	performance-based learning. So I'm going to go back here to WIDS. Let's just say I
1271680	1277760	have my course description, okay? I'm going to go ahead and I'm going to copy
1277760	1284520	that. Now, I'm not a Chad G. Kravitz either, okay? But we're going to try this. So I'm
1284520	1290480	going to paste it in here, and then I'm going to say, using this course
1290480	1305160	description, come up with a variety of performance-based learning activities
1305160	1321560	that could be done with a, be done in an animal nutrition course for associate
1321560	1330600	degree level students. And I've never done this before, so let's see what
1330600	1349320	happens here. Ration formulation, rationality, feed cost optimization, life
1349320	1355520	stage adjustment exercise, nutritional needs of different species. Notice they're
1355520	1359560	starting to give us tasks. Comparative nutrition setting. Let's just say I wish, I
1359800	1365760	wish I had this like 10 years ago, five years ago, right? When I was revising this.
1365760	1376080	Feedstuffs, okay? And as we look through this, notice we can, they've got sub verbs
1376080	1381200	in here, right? Performance evidence, identification, understanding. So we
1381200	1388480	could, you could take that advisory role. Oh, I like that. You could take that and
1388480	1395040	you can look at what they have and use that to get you started, okay? When it
1395040	1400720	comes to writing your competencies and objectives, okay? A few little tweaks that
1400720	1405240	need to be done. You know how many hours I spent trying to analyze this list to
1405240	1412680	figure out which verb I wanted to use, right? And so it comes quite a bit. Any
1412720	1420760	questions on anything? Any questions from those of you online? Okay, what I want you
1420760	1432320	to do right now is I want you to log into WIDS and I know there's a lot of
1432320	1438680	adult education instructors online. I don't know what your access is. If you
1438680	1446600	don't have access to WIDS, I did put in Schoology here some WIDS examples. I
1446600	1451760	threw some, I just randomly went out there and put some course outcome
1451760	1457200	summaries that have these competencies and stuff in there. So feel free to use
1457200	1461360	those. Those of you that are program instructors, I really would like you to
1461360	1470240	go into WIDS if you can. Miranda, I don't know if you have access to WIDS. Okay, so
1470240	1474120	hopefully you can get in. If not, I was gonna say you can share with Lauren, but
1474120	1480880	good. Get into WIDS. Ty, I can help you get in. Find a course that you teach and I
1480880	1486520	really want you to take about 10 minutes here and I want you to review and check
1486680	1494360	out those competencies and objectives and are you seeing terms
1494360	1501560	they're related to Bloom's? And then I want you to think of, as you'll see in
1501560	1506920	WIDS, we talked about there's examples there of things that you can do to
1506920	1511400	assess that performance, phase 30, but I want you to think, especially because
1511640	1518040	you're the ones teaching this class now, right? What would you do? What could you
1518040	1527680	do as a performance-based assessment to test, assess that competency? Is it
1527680	1532440	tweaking one you already use? Do you have another idea that's coming to mind
1532440	1538320	that could maybe be better of what was used by your predecessor, okay? So I want
1538680	1545000	to take some time now. Like I said, I'll start with about 10 minutes and really
1545000	1550800	work through that, see what you can find, see what you can come up with, and then
1550800	1556480	we'll come back and share. Those of you online, go ahead and do this. In about 10
1556480	1560840	minutes, I'm gonna actually put those of you in line into breakout groups so that
1560840	1566240	way you can share with each other what you came up with. Any questions on
1566720	1572240	that? Christine, this is Marlene Klein. I don't know if this is appropriate or
1572240	1579520	not. My curriculum, our all basic ed curriculum, we have it on the Wisconsin
1579520	1588320	Technical College site. How do we download? Does it automatically download?
1589760	1594560	All right, that's a question that I'm not aware. I can't help you with that question, Marlene.
1594640	1598640	All right, that's fine. Thank you. I don't know if maybe some of the other adult
1598640	1606480	education instructors can help you with that, but I'm, yeah, sorry. No, that's fine. I just
1606480	1612880	threw it out there because I can look at my thing on the Wisconsin Technical
1612880	1618240	College site, so that's not a problem. I just was curious to see if there was an easy way to download
1618240	1625120	into our WIDS. Yeah, that would be at least a Tina question. Those of you that are adult ed,
1625120	1628640	thank you for bringing that up, Marlene, that you have access to what you guys have to teach in
1628640	1633760	those competencies on the website. Feel free to go use that instead of WIDS and to look at your
1633760	1642800	guys' specific because I want you to really make this activity related to what you're doing
1643360	1649120	in the classes that you teach. So go do that. And like I said, in about 10 minutes,
1649840	1653840	I'll put online into breakout groups. You guys can share with each other.
1658800	1660560	Adult ed curriculum is also...
1664240	1669760	This stuff is going to be rewritten by the end of the year. Those of you online,
1669760	1673840	I am going to go ahead and mute the classroom right now, try to help me remember guys in here
1673840	1681680	that I'm meeting so you're not hearing the backfeed in us talk.
2209760	2217120	Okay, those of you online... Oh, I see a chat. Did I miss that?
2222400	2229600	I'm going to go ahead and break those of you online into, I think, three breakout groups.
2230400	2236480	And you guys can just share a little bit about the information that you found, the competencies,
2237040	2246480	and that you feedback virtual, shared neighbor feedbacks, share maybe the performance
2246480	2251280	assessment idea you came up with. And I'll give you a few minutes to that and then I'll bring you
2251280	2258400	back in. All right, breakout rooms. I'm going to put you into three and I'm just going to do
2258960	2264320	assign automatically and you'll just go. Here we go.
2267120	2274320	Okay, so those of you here face-to-face.
2274320	2282160	Okay, so those of you here face-to-face.
2304320	2310160	Okay, so those of you here face-to-face.
2334320	2340160	Okay, so those of you here face-to-face.
2364320	2370160	Okay, so those of you here face-to-face.
2394320	2400160	Okay, so those of you here face-to-face.
2424320	2430160	Okay, so those of you here face-to-face.
2454320	2460160	Okay, so those of you here face-to-face.
2484320	2490160	Okay, so those of you here face-to-face.
2514320	2520160	Okay, so those of you here face-to-face.
2544320	2550160	Okay, so those of you here face-to-face.
2694320	2700160	Okay, so those of you here face-to-face.
2724320	2730160	Okay, so those of you here face-to-face.
2739760	2745200	Megan, are you on virtual? Yeah, I just figured since all of the
2745200	2751920	adult ed people are in there, if I have questions for them.
2751920	2756480	Okay, if we, like when we, because we're trying to do this at the end, like
2756480	2758720	little things, if you want to like go up across the
2758720	2761680	hallway to a different room, like join their breakout room to discuss
2761680	2768240	some of them, I would be cool with that, okay?
2768240	2772160	All right, all right, all right.
2772720	2780560	Everybody back? I'm doing this. All right, is everybody
2780560	2783840	back? Good, I hope that those of you online
2783840	2791520	enjoyed some sharing with your groups about what the different
2791520	2797600	things that you learned. We're going to, we discussed
2797600	2800560	here in the class, and we're just, I want to go ahead and keep moving
2800560	2805120	on. If you need to step away from your computer for a minute or two,
2805120	2809600	feel free to, but because those of us on campus do have something else
2809600	2812800	at 12 30, I'm just going to go ahead and keep moving
2812800	2818240	and pushing through this right now. So, we're going to move on, let me get the
2818240	2822480	power point up. Okay,
2822480	2829440	I have them on there. Okay, activity time.
2829440	2833920	Okay, and I knew that. All right, so we're going to move on to
2833920	2841600	formative and summative assessment. Okay, so what is the difference
2841600	2849840	between formative and summative assessment? Formative assessment is
2849840	2854720	when we evaluate how someone is learning
2854720	2858240	material throughout a course. Okay, typically
2858240	2862800	it takes place during a course. You do it on a regular basis.
2862800	2868480	It's very flexible. It helps to keep students engaged.
2868480	2871360	This type of assessment does not necessarily
2871360	2878320	have to be be graded. Okay, so for example,
2878320	2882000	some formative assessments that I do when I'm
2882000	2886240	lecturing throughout a powerpoint, I might
2886240	2893200	every few slides, I'll say review and I'll pop up. We'll do two or three
2893200	2896560	like true false open-ended questions and I'll just have
2896560	2899600	students shout out the answers. Okay, and if
2899600	2905120	they're seeing lost or whatever, then I'll be like, okay, well let's go
2905120	2908400	back and talk. Or if nobody answers, okay, where are you confused?
2908400	2912000	So I can kind of assess that right there.
2912000	2918640	Sometimes I do table talks. All right, again, same thing every few
2918640	2922160	slides is I'll be like, table talk. Turn to your neighbor. Turn to your
2922160	2926960	people at the table and talk for a minute,
2926960	2930240	30 seconds, short time frame. Share what we just learned.
2930240	2935840	Repeat. Repeat that phrase, that acronym trying to get into your head. Say that to
2935840	2940000	each other. Okay, those are simple things that can be
2940000	2945680	done as you're going throughout the day.
2945760	2950160	Review questions beginning of class over what we talked about the day before.
2950160	2954000	Okay, and that's a pretty common one. Hey, we talked about this yesterday or
2954000	2957600	you know, last time we met. How do we go about doing that?
2957600	2963440	No card at the end of the week. I've tried this before. Some people
2963440	2968000	like do a no card or post it every class period. I did just at the end
2968000	2971840	of the week and I would have them. They couldn't leave class so they handed
2971840	2975520	me the no card and they could ask a question that they had
2975520	2980000	or something that they learned that week. I feel that when I do that
2980000	2985840	sometimes it gives those students that are a little hesitant to speak up in
2985840	2991520	class and say I'm confused about this. I don't really understand. They might
2991520	2993760	and they don't have to put their name on these no cards, okay?
2993760	2998400	But you learn you learn writing, right? So you know who's
2998400	3002640	after time. But you know and sometimes it gives them
3002640	3006240	a little confidence to say, hey, can you review this because I'm really not
3006240	3009120	understanding it? And so then you can come back and you
3009120	3015360	can do that in class. Okay, so formative. We're evaluating
3015360	3022080	as we're learning. Summative is to evaluate how much someone has learned
3022080	3026480	throughout the course. Typically this is going to be
3026480	3031680	some type of final evaluation at the end of a unit,
3031680	3036160	at the end of a course, and it's usually cumulative. It's going to
3036160	3042160	cover everything. The ultimate goal of this is to evaluate
3042160	3049520	the long-term retention of materials, okay? So examples of this
3049520	3057040	include unit test, final exam or project for a course,
3057040	3064160	capstone projects, an in-depth report or presentation, a personal reflection
3064160	3070240	paper. Here, right in the technical college system, and we're going to talk a
3070240	3074240	little bit about it towards later, but we rely on on TSA, right?
3074240	3079360	Technical skill attainment. How are we showing that our students
3079360	3083760	are demonstrating these technical skills that we say they're going to do?
3083760	3090640	Okay, and if you talk to Lisa, as she Lisa Riley, not Lisa P.
3090640	3095120	Riley, Lisa Riley, she will tell you that ideally you want
3095200	3102640	these TSAs to be at the end, right? The end of the
3102640	3108800	program. How can we test, see what these students have done? So for us,
3108800	3113280	in animal science, we have a capstone project, and they actually build that
3113280	3117760	capstone project pretty much their whole second year there on campus,
3117760	3122480	and they build different parts of it in various classes,
3122480	3127840	and then they combine it all together at the end. They have to do a do a report on
3127840	3132720	it, okay? So can they do that? Another
3132720	3139040	summative example that I do is, actually in the
3139040	3146240	animal science program, we'll do it, is we make them analyze a font.
3146240	3151920	In our dairy students, they actually participate in what's called
3151920	3156640	Midwest Dairy Challenge, where they have to go
3156640	3161200	and analyze a farm, all the data from the farm, and then they have to
3161200	3166240	on everything from health to reproduction to financials,
3166240	3171920	they go and they tour the farm, and they have to look at the buildings and
3171920	3175360	ventilation and all that stuff, and then they come back,
3175360	3178960	and they like to consult it. So they're taking everything they learned in all
3178960	3184000	their individual classes, okay, in their health class, in their
3184000	3187840	housing class, in their retro class, and they're applying it
3187840	3191360	to this farm and analyzing it and saying, okay, hey,
3191360	3195120	these are some strengths that you have, these are some opportunities, maybe you
3195120	3199600	can tweak this vaccination plan, maybe you should add some fans to do
3199600	3202640	that. So that's what the dairy students do, and they actually
3202640	3207520	do it with students from other colleges. I've applied it and tweaked that
3207680	3211600	we do it on the livestock side, and I do the exact same thing
3211600	3215360	with some beef farmers in the area. I have three different beef farmers that
3215360	3218160	I rotate through, so they only have to do it every three
3218160	3223040	once every three years. I don't ask the beef farmers for financials, we don't get
3223040	3226480	into that, but we do the exact same thing. They go out
3226480	3231040	end of their last semester, they analyze the farm, can they bring it all together?
3231040	3235280	Can they take everything we've done? So that's kind of our
3235680	3238320	summative assessment, are we bringing, can they,
3238320	3241920	have they taken everything that they learned and brought it together?
3246000	3250800	So I think I put this on Schoology, I don't know if I did, this is just
3250800	3257280	on half of the page, but this here is something I have hanging in my office,
3257600	3267440	and you can probably find these on Google too, or chat jpt to help you.
3268160	3274080	These are examples of learner-centered teaching to help them kind of teach
3274080	3277600	themselves learn. A lot of these make good informative
3278720	3282080	assessments as you're working through it, okay?
3282320	3291440	Cooperative learning, I think we're good at brainstorming, create media, discussion,
3292160	3299360	jigsaw, small groups. So again, these are just some ideas, I think this is on
3299360	3304960	Schoology. If it's not, I will put it on there. If anyone would like to see
3306320	3311680	a copy of this whole thing that I have hanging in my office, I'm more than willing
3312320	3329120	to do that. So again, we have the use of AI for this, so we could build on this
3329120	3337920	nutrition one. So we're going to say, I'm going to say take number one,
3342640	3346960	okay. You're showing a PowerPoint, we can't see it on the remote end.
3347760	3351360	No, I'm not showing a PowerPoint. I have chat jpt up. Do you see that?
3353920	3360240	No. You just stopped sharing your screen. Oh, I just stopped sharing instead of,
3364240	3368880	all right, hold on there with me. Thanks for letting me know. Okay, now do you see chat jpt?
3372320	3378960	Yes, okay. All right, good. So what I'm going to do here is I'm going to build on what we have here,
3380240	3384560	and I'm going to, I'm not, again, I'm not the expert, but I might be able to say something,
3384560	3392800	but I'm just going to go ahead and copy this first one here, and I'm going to put it back here,
3393760	3408720	paste it down here, and I'm going to ask it, say using the above, design some formative
3413520	3415920	and summative
3416240	3433040	assessments, okay. Let's see what they suggest, okay. Nutrient requirement identification
3433040	3440480	test check. Given a scenario, have them identify. So we're using a scenario situation here. Worksheet
3440480	3450160	or quiz. Using the Pearson square. You know what the Pearson square is? Cool, right? Having them
3450160	3461760	actually do that. Worksheet, okay. So you can see just using peer review and discussions, okay. So
3461760	3475200	you can see using chat jpt and AI can also help you analyze what you might do for
3475200	3478640	for
3482320	3495760	assessments. Back to my PowerPoint here. So in WIDS, when you do design your curriculum in WIDS
3495760	3503440	and you're choosing your assessment strategies, they will give you, they will give you some
3503440	3510480	options. So again, to kind of help with that brain freeze, that brain fog, what I want to do,
3510480	3515680	and I can't really show you because I don't have a course in like a work in progress to build on
3515680	3523520	assessment, but you can see they have, they give you ideas in WIDS. This is copied right from WIDS.
3523520	3531600	A case study, a written objective test, a scenario, identification, skill demonstration,
3531600	3537120	right? Wait, Cosmo, skill demonstration. It's a big one that's going to come up there. So those
3537120	3546160	are different ways that you can assess. And when you see, and when you look at, right, if we go back
3546160	3556480	to, right, we go back to, we go back to WIDS and your course outcome summary, right? We have examples
3556480	3561920	right here, assessment strategies. So all these assessment strategies that you're seeing here
3562800	3571520	came, most of them came from WIDS, okay? Sometimes because of specific classes that you
3572160	3580640	teach, okay? Awesome, I pick on you, right? You might say assessment track, assessment strategies
3580640	3587280	using, physically like using the robots in the classroom, right? Well, WIDS doesn't have using
3587280	3593760	robots in the classroom as an option, right? I believe you can like add that to it, okay? Or
3593760	3602000	you could just be, it could just be something as like using appropriate equipment for the thing,
3602000	3608640	right? So sometimes based on, these you can see are very, very generic, but sometimes based on
3608640	3614720	the specific program that you're teaching, your, or class that you're teaching, that assessment,
3614720	3622160	those assessment strategies could be, could be very specific. So what I want you to do right now
3623040	3632800	is you can, and it can be the, the class that you're using. I want you to think and don't
3632800	3639680	forget to use chat JPT to come up with, and you can look through what you have in WIDS, there might
3639680	3646240	be something there, come up with an example of a formative and summative assessment that you might
3646240	3651200	use in your class, okay? And then we're going to share that, and then you're going to share that
3651200	3656720	with, with the group. So online, think about the class that you were looking at, think about a
3656720	3663920	formative and summative assessment that you might use. And actually I'll have you guys share with,
3663920	3670640	with the, with the large group, a couple of you, when we come in a few minutes after you think
3670640	3683600	about that. I've got 10 minutes here on the slide, but I might cut it to like, I'm actually just got
3683600	3695920	my timer for eight. When I do things like this in the classroom, I do tend to set my timer on my book
3695920	3704240	or like I have a kitchen timer to help kind of. That's the reason why I have a smartwatch is to set
3704240	3704560	my timer on.
3734240	3758480	Thank you.
4214240	4236000	Okay, so I'm going to ask two people in the face-to-face group to share some, at least
4236000	4241200	one assessment, either formative or summative, that they came up with for their course.
4241200	4263600	And I'd like to have two people online share a couple of ideas that they came up with.
4263600	4270520	So how about we go one face-to-face, one online, one face-to-face, one online.
4270520	4274600	So is there someone in the classroom here that would like to share with everyone an
4274600	4282560	idea that they came up with for an formative or summative assessment?
4282560	4283560	Any volunteers?
4283560	4284560	Okay, go ahead.
4284560	4285560	Go ahead, Megan.
4285560	4290560	I just don't want to be the only one to volunteer.
4290560	4302840	Okay, so I was back in those communications slash RLA requirements on WIDS, and I was
4302840	4310760	looking at the standard is communicate effectively using current technology.
4310760	4322800	So for formative, I thought we could analyze different written and video news stories for
4322800	4330920	meaning, style of language, just because this is the last of the standards.
4330920	4335960	And before that, it's like determine bias, determine style of language, determine purpose
4335960	4340160	of the communication, whatever it is.
4340160	4344040	And so are they trying to convince you of something?
4344040	4346200	Do they have any bias in their language?
4346200	4351000	Is there information that's missing, how trustworthy are they, et cetera?
4351000	4355600	And then they can write an outline for a speech or paper based off of that.
4355600	4359280	So what is the thesis, what are the good ideas here?
4359280	4363800	And we can also look at a bunch of different styles of communication as well, just to tie
4363800	4365560	it to different subjects.
4365560	4373200	So one of the ways that I could tie it to social studies curriculum is, can we look
4373200	4379440	at, there have been several historical events through the United States history where the
4379440	4384960	president has come onto television and addressed the whole country.
4384960	4393760	I'm thinking FDR after the bombing of Pearl Harbor, George Bush after 9-11.
4393760	4398560	So what are the topics that they're talking about?
4398560	4400640	What is their goal?
4400640	4402440	What is their potential bias?
4402440	4403440	Can you outline?
4403440	4409520	So actually connecting two subject areas into one, very good.
4409520	4410520	Good idea.
4410520	4411520	Okay.
4411520	4417320	Can I have somebody online share a formative or summative assessment idea that they came
4417320	4426040	up with?
4426040	4427040	I can go.
4427040	4428040	All right.
4428040	4431800	I think this is it.
4431800	4435880	So I teach ESL, the very beginning of it.
4435880	4443520	So one of the first things we do is teach how to introduce themselves, say hello, ask
4444080	4449800	questions about what you do for work, where are you from type of things.
4449800	4455880	So what I do is I teach the concept first and we teach the language, they practice the
4455880	4464520	language and then toward the end of the class time, we'll take some time to tie it all together
4464520	4469920	and have a short conversation with them just to make sure that they are able to do that.
4469920	4471440	Is that kind of like what you mean?
4471440	4472440	Yep.
4472440	4473440	Good.
4474360	4477120	Definitely reach out and having them conversate first with each other.
4477120	4478120	That's great.
4478120	4479120	Okay.
4479120	4480120	Thank you for sharing, Jennifer.
4480120	4486080	And Ty is in the classroom face-to-face here and he's going to go ahead and share an idea
4486080	4487080	he came up with.
4487080	4488080	Go ahead, Ty.
4488080	4494280	So for course competency, the competency reads the learner identifies proper personal protective
4494280	4495280	equipment.
4495280	4501400	So idea for a formative project would be to print it out in different scenarios and workplace
4501400	4508720	throughout the agriculture setting and having these working groups come up identifying what
4508720	4515160	potential hazards there are, what PPE should be used and why each item is necessary for
4515160	4516160	the PPE.
4516160	4522840	And then another competency that goes hand in hand with that being the learner performs
4522840	4523840	proper safety habits.
4524280	4532640	So that could actually be a summative in person that they identify a safety hazard that is
4532640	4538080	present and they demonstrate wearing proper PPE while they're doing a task.
4538080	4539080	All right.
4539080	4540080	Excellent.
4540080	4541080	That's a good way.
4541080	4542080	Thank you.
4542080	4543080	All right.
4543080	4544080	And one more from somebody online.
4544080	4545080	Somebody online.
4545080	4546080	Stacey, did you want to talk?
4546080	4547080	I see you're unmuted.
4547080	4548080	Yes.
4548320	4555560	Yes, I'm actually working on curriculum for the technical colleges for personal finance.
4555560	4560440	That's going to be required in a few years for the GED students.
4560440	4565840	But I taught the class and an example of a summative would be like budgeting, you know,
4565840	4568740	learning how to budget your money and things like that.
4568740	4575640	And there's a free program where you can go and you have to figure out how to get a magician
4575640	4580400	to Las Vegas so he can perform there and you have to budget your money.
4580400	4586000	And it's just a fun game, but it shows them how to budget because things come up like
4586000	4589160	the magician gets a flat tire.
4589160	4596360	He has to you have to choose what kind of tricks for him to do at the shows that he's
4596360	4597640	leading up to Vegas.
4597640	4603120	So it's just something that they can figure out budgeting and they have to try and get
4603120	4604120	him to Vegas.
4604200	4608560	They don't always make it to Vegas and they can, you know, review what should I have done
4608560	4609560	differently.
4611560	4614280	That sounds fun.
4614280	4615280	That sounds fun.
4615280	4620640	So definitely a different way to make a way to get them to to apply and learn.
4620640	4624880	And you can maybe then take it one step further and I'll be like, OK, now that you did this
4624880	4628360	game with this magician, you're planning your own trip.
4628360	4632960	What type of budget do you have to have for your own trip to kind of do and stuff?
4633000	4636000	So thank you very much, Stacey, for sharing.
4637000	4639000	OK, now I've got to share.
4642000	4643000	All right.
4643000	4651000	So we're going to go back to the PowerPoint and we're going to talk a little bit about
4651000	4652000	rubrics.
4653000	4659000	OK, we have a couple of videos to start out here to help us understand what a rubric is
4659000	4662000	and the benefits of of using rubrics.
4663000	4671000	Hey, everyone, welcome to our YouTube video on the benefits of using rubrics to assess
4671000	4672480	student learning.
4672480	4676960	In this video, we'll discuss the importance of rubrics, their benefits and how they can
4676960	4679760	improve student learning outcomes.
4679760	4684080	Rubrics are a powerful tool that helps teachers to evaluate and grade student work.
4684080	4688520	They provide a clear set of criteria for measuring student performance and help to ensure that
4688520	4691800	grading is consistent, objective and fair.
4692640	4696640	Here are some of the key benefits of using rubrics to assess student learning.
4696640	4701640	Improved clarity rubrics provide clear and specific criteria for measuring student performance.
4701640	4706640	This clarity helps students understand what is expected of them, which can lead to increased
4706640	4708640	engagement and motivation.
4708640	4712640	When students know what they need to do to succeed, they are more likely to take ownership
4712640	4715640	of their learning and work towards achieving their goals.
4715640	4720640	Additionally, rubrics can help teachers communicate their expectations to students more effectively,
4721480	4723480	reducing confusion and misunderstandings.
4723480	4728480	Better feedback rubrics provide detailed feedback to students on their performance in specific
4728480	4730480	areas of an assignment.
4730480	4735480	This feedback helps students understand where they excelled and where they need to improve.
4735480	4739480	When students receive feedback that is detailed and specific, they are more likely to take
4739480	4742480	that feedback into account when revising their work.
4742480	4746480	Additionally, rubrics can help teachers provide feedback in a more efficient and effective
4746480	4747480	manner.
4748320	4752320	With a well-designed rubric, teachers can quickly identify areas where students need
4752320	4756320	improvement and provide feedback that is targeted to those areas.
4756320	4760320	Objective and consistent grading rubrics are designed to be objective and consistent, which
4760320	4763320	ensures that grading is fair and unbiased.
4763320	4768320	When teachers use rubrics to grade assignments, they are less likely to be influenced by personal
4768320	4770320	biases or preferences.
4770320	4774320	This means that all students are graded fairly and consistently based on their performance
4774320	4776320	against the rubric criteria.
4777160	4781160	Rubrics can help teachers ensure that they are assessing all students on the same criteria,
4781160	4784160	which can help to eliminate discrepancies in grading.
4784160	4789160	Improved learning outcomes rubrics can help improve student learning outcomes by providing
4789160	4792160	students with a clear understanding of what is expected of them.
4792160	4796160	When students understand what they need to do to succeed, they are more likely to engage
4796160	4799160	with the material and work towards achieving their goals.
4799160	4804160	Additionally, rubrics can help students focus their efforts on specific areas of an assignment
4804160	4806160	that they need to improve on.
4807000	4810000	When students receive feedback that is targeted to their specific needs, they are more likely
4810000	4815000	to take that feedback into account and work towards improving their skills and knowledge.
4815000	4819000	Overall, rubrics are an effective tool for assessing student learning.
4819000	4825000	They provide clarity, feedback, and consistency, which can help to improve student engagement,
4825000	4827000	motivation, and learning outcomes.
4827000	4831000	If you're a teacher, consider using rubrics in your classroom to assess student work and
4831000	4834000	help your students achieve their full potential.
4837000	4851000	So that gives you some ideas on what a rubric is and the benefits of using it.
4851000	4853000	This is the next short video.
4853000	4855000	This one's like 30 seconds.
4855000	4859000	For me, the rubric should be telling the student, am I on the right track?
4859000	4863000	The student should be able to refer to the rubric and just say, not, here's what you
4863840	4866840	next, because that's definitely going to improve the work, but not improve the learner.
4866840	4871840	But I think the rubric can be helpful in reassuring the student, you're on the right track, or
4871840	4876840	actually, you've forgotten an important element that you need to do to support your argument
4876840	4878840	in this history essay, for example.
4880840	4888840	So that was a short, sweet one, really talking about how rubrics can help the individuals.
4889680	4899680	So rubrics are not only used for assessment purposes, but I feel that rubrics help with
4899680	4901680	communication.
4901680	4909680	It helps create the clear communication to the student what you're looking for.
4910520	4918520	And so what we've got here is examples of some rubrics that I use in my classroom.
4918520	4924520	The top one here is a very, I call it a very generic rubric.
4924520	4932520	It's a short answer rubric that I use pretty much all my short answer questions on my unit
4932520	4934520	exams.
4935360	4941360	And you can see it's just length, terms from class, and isn't understandable.
4941360	4948360	Because a lot of times I'll throw on a scenario question, like in my plant and soil science
4948360	4955360	class, an example of a simple essay question I have on there is you work in an agronomy
4955360	4956360	center.
4956360	4962560	A new person to the area who's never farmed before walks in, wants advice on their soil
4962600	4966600	type, on how to properly grow their crops.
4966600	4970600	And they bring in a sample with them, and you can tell right away that they have a very
4970600	4971600	high sandy soil.
4971600	4976600	What are you going to tell them about sandy soil and growing their crops?
4976600	4983600	And so I say length, because length oftentimes, and I have found that even just using the
4983600	4988600	words, like the more details the better, doesn't always work.
4988640	4994640	Because Kylie might think that in her mind, two sentences is plenty of details, and Lauren's
4994640	4997640	going to write ten, right?
4997640	5001640	So sometimes you need to make clear exactly what I'm saying.
5001640	5003640	So you can see very simple here.
5003640	5006640	I want, give me a minimum of four sentences.
5006640	5009640	Notice that I have sentences or bullet points.
5009640	5016640	Because for me, when I look at my students, okay, sometimes they're not going to be the
5016680	5019680	strong English communicators.
5019680	5024680	They're not going to write very well or have struggled for me.
5024680	5025680	Do I want to form a sentence?
5025680	5026680	Yes.
5026680	5027680	But they might struggle.
5027680	5032680	But are they more comfortable and more confident explaining that in a bullet point versus a
5032680	5033680	complete sentence?
5033680	5036680	For the classes that I teach, I'm okay with that.
5036680	5037680	Right?
5037680	5040680	And again, that's kind of giving them some choice.
5040680	5045680	So minimum of four sentences, and then I'm like, okay, are you using terms from the class?
5045720	5048720	Are they talking about leech?
5048720	5049720	Sand likes to leech.
5049720	5051720	Sand's not going to hold water.
5051720	5052720	It's very granular.
5052720	5057720	You're going to have, are they using the specific terms that we talked about?
5057720	5060720	And then are the thoughts organized?
5060720	5061720	Understandable.
5061720	5062720	Do they make sense?
5062720	5064720	Or do they leave me asking questions?
5064720	5065720	Okay.
5065720	5067720	So that's a very simple rubric.
5067720	5074720	But I use this for grading, for grading essay contests or essay contests.
5074760	5077760	Essay questions on the test.
5077760	5080760	And, you know, the students can see the rubric.
5080760	5086760	I have learned in school that when I do do essay questions in the essay question itself,
5086760	5092760	I'll be like, make sure to look at the rubric before you answer this, because you can tell
5092760	5094760	who doesn't look at the rubric.
5094760	5095760	Right?
5095760	5098760	Because you can just speak just with how they answer it.
5098800	5106800	This discussion board rubric, I believe this is the discussion, the general template
5106800	5115800	discussion board rubric that was put together a number of years ago in Schoology for discussion.
5115800	5119800	You can see it's three pretty areas.
5119800	5126800	The initial, post timing and relevance, replying and clarity mechanics and references.
5126840	5129840	So that one, that is that one.
5129840	5131840	Those are cooler stuff.
5131840	5139840	A couple examples here of some other rubrics I use.
5139840	5143840	This is the rubric that I use in rubrics.
5143840	5147840	There's not like one size fits all.
5147840	5148840	Okay.
5148840	5152840	You can design the rubric based for your assignment, based for your class of what you want.
5152880	5160880	So the one on the left here is the rubric that I use for the final project in my quality
5160880	5161880	class.
5161880	5162880	Okay.
5162880	5168880	There are the students have to research a niche market in the livestock, the meat industry,
5168880	5169880	such as like that.
5169880	5174880	Oh, well, example, somebody might do like organic pork or certified.
5174880	5175880	Okay.
5175880	5180880	And so you can see those are the question that they have to do.
5180920	5183920	And they know right away, especially when it's timing.
5183920	5184920	Okay.
5184920	5186920	You're supposed to talk up to six minutes.
5186920	5187920	You can't talk.
5187920	5191920	If you decide you're only going to talk less than four minutes, you're only going to get
5191920	5192920	one point.
5192920	5193920	Okay.
5193920	5195920	So I break it out like that.
5195920	5200920	And sometimes it is okay just to even if you have like a scale like three, two, one, zero
5200920	5202920	where you're not given an option.
5202920	5204920	It's either you get all your points or you don't.
5204920	5205920	Okay.
5205920	5206920	Do you list your sources?
5206920	5207920	Well, either you did or you don't.
5207920	5208920	Right.
5208920	5209920	You're either going to get three points or you're going to get zero.
5209960	5210960	There's no in between.
5210960	5211960	Okay.
5211960	5214960	So it's okay to use to use that.
5214960	5216960	And so again, that one dries out.
5216960	5221960	And then the other one is one that is built in Schoology.
5221960	5223960	You can tell the way that was there.
5223960	5229960	But this is again, I think I told a little bit about the final where they have to look
5229960	5231960	at each of these.
5231960	5233960	So look again.
5233960	5234960	Okay.
5234960	5238960	I'm looking at the length, the terminology and the reasoning.
5239000	5240000	Okay.
5240000	5243000	Are you explaining four sentences or bullet points?
5243000	5247000	Are you using nutrition terms in each sentence?
5247000	5248000	Okay.
5248000	5252000	Are you showing in depth thought and understanding of nutrition and forage reports?
5252000	5253000	And so I do that.
5253000	5257000	You can see I do that for the best, one of the worst, the best, the worst.
5257000	5265000	And so that's an example of some rubrics that I have here as well.
5265040	5270040	If you can design rubrics in Schoology.
5290040	5293040	So if you are in Schoology.
5295040	5304040	If you go in and you add a new assignment.
5308040	5313040	You can when you choose your scale or rubric down here.
5313040	5319040	If you have one that's already created, it will be listed or you just do create new.
5319040	5323040	And you can see here this is how what it looks like.
5323080	5325080	And you can give it a title.
5325080	5332080	So like, you know, and once you create it, you can link it to all your courses.
5332080	5334080	Like that short answer one I have.
5334080	5336080	I use that in all my courses.
5336080	5341080	And then your criteria, you know, so this is where I have that like length.
5341080	5345080	If you want a description a little bit more, you can.
5345080	5348080	But let's say I just want to do three, two, one.
5348120	5353120	I can just, you saw that I just hit the X and I got rid of that.
5353120	5356120	And then you can come in here and you can change it.
5356120	5360120	If I want to add a new one, I just add criteria.
5360120	5372120	And so you can make this if I wanted to change this and make this like 10, 10, 8, 6, you can.
5372160	5379160	So you can create rubrics right in in Schoology for certain assignments.
5379160	5391160	Other thing to take into consideration is I have heard people using ChapGPT for making rubrics.
5391160	5398160	All right. So you can put in like all the specifications for your assignment.
5398200	5407200	And then you can tell ChapGPT create a Likert scale rubric starting at five and going to zero.
5407200	5414200	Here are the categories to use to to assess this assignment.
5414200	5423200	And so when you do that, it will spit it out and give you a starting place, right?
5423200	5427200	You could you can definitely tweak that and then put it into work.
5427240	5437240	So I'm taking I want you to take about I'll give you about seven minutes right now.
5437240	5447240	And I want you to think of an assignment that you currently have that you maybe could introduce a rubric to.
5447240	5452240	OK. Or maybe you have a rubric for an assignment that you're like, I want to tweak this.
5452280	5454280	So take about seven minutes right now.
5454280	5461280	Think about that rubric and draw out, sketch out on paper or word, whatever.
5461280	5468280	Use ChapGPT. What a rough rubric like that might look like.
5468320	5483320	OK. So take a take seven minutes and reflect on making a rubric for for a class or an assignment or an assignment that you would do.
5483320	5488320	Any questions online what you're doing?
5488320	5493320	All right. Give you a seven minute work time.
5498280	5499320	Thank you.
5528280	5529320	Thank you.
5558280	5559320	Thank you.
5588280	5589320	Thank you.
5618280	5619320	Thank you.
5648280	5649320	Thank you.
5678280	5679320	Thank you.
5708280	5709320	Thank you.
5738280	5739320	Thank you.
5768280	5769320	Thank you.
5798280	5799320	Thank you.
5828280	5829320	Thank you.
5858280	5859320	Thank you.
5888320	5889320	Thank you.
5914320	5915320	All right.
5915360	5917360	Welcome back.
5917360	5920360	My seven minute timer went off.
5920360	5934360	I hope that you enjoyed working on on your rubrics and got some ideas on how you can use them moving forward.
5934360	5936360	We are going to go ahead and take a break now.
5936360	5938360	So let's take about 10 minutes.
5938400	5939400	I've got 1025.
5939400	5946400	So at 1035, we'll come back and we'll pick up with communicating feedback to students.
5946400	5947400	All right.
5947400	5948400	So go ahead.
5948400	5949400	Take 10 minutes.
5949400	5950400	Thank you.
5968360	5969400	Thank you.
5998360	5999400	Thank you.
6028360	6029400	Thank you.
6058360	6059400	Thank you.
6088360	6089400	Thank you.
6118360	6119400	Thank you.
6148360	6149400	Thank you.
6178360	6179400	Thank you.
6208360	6209400	Thank you.
6238360	6239400	Thank you.
6268360	6269400	Thank you.
6298360	6299400	Thank you.
6328360	6329400	Thank you.
6358360	6359400	Thank you.
6388360	6389400	Thank you.
6418360	6419400	Thank you.
6448360	6449400	Thank you.
6478360	6479400	Thank you.
6508360	6509400	Thank you.
6538360	6539400	Thank you.
6568360	6569400	Thank you.
6598400	6599400	Thank you.
6610400	6611400	Okay.
6611400	6617400	Hopefully those of you that are online are working your way back to your computers and can hear me.
6617400	6623400	I know Megan should be right back, but we're going to go ahead and keep moving.
6623440	6628440	I hope that you aren't getting something out of the session today.
6628440	6638440	I'm trying to make it educational and useful so you can apply it to what you're actually doing.
6638440	6639440	All right.
6639440	6642440	So we're going to you're done with rubrics.
6642440	6647440	We're going to move on to this feedback.
6647440	6650440	Feedback, feedback, feedback.
6650440	6651440	Okay.
6651480	6660480	I want you guys to think about for a moment the time in your life, and it doesn't have to be education.
6660480	6668480	It can just be any time in your life when feedback was valuable to them.
6668480	6673480	And how did you use that feedback to improve?
6673480	6674480	Okay.
6674520	6679520	So in your personal life or in your careers, it could be another career.
6679520	6686520	Think about a time when feedback was valuable and how you use that feedback to improve to yourself.
6686520	6700520	Now, I'm not going to ask you to share, but I'm sure we all have a time or two where even if it wasn't positive feedback,
6700560	6709560	if it was given in the right way that we were able to improve and to become better from that.
6709560	6710560	Right.
6710560	6716560	So when you think about feedback, it should be timely and specific.
6716560	6717560	All right.
6717560	6722560	So, you know, you don't want to write it.
6722600	6733600	If something happened last semester, hopefully your supervisor here on campus addressed it shortly after it happened.
6733600	6734600	Right.
6734600	6735600	Or positive or negative.
6735600	6744600	If they are coming to you next week, the first week of school and being like, hey, I want to talk to you about XYZ that happened back in October.
6744600	6747600	That's not really timely feedback.
6747640	6748640	Right.
6748640	6755640	But I mean, that could also be situational for some reason, if it was something dealing with a student and the student just came forward.
6755640	6757640	Well, then maybe it is considered timely.
6757640	6758640	Right.
6758640	6763640	But you really want it to be timely, constructive and encouraging.
6763640	6764640	Okay.
6764640	6769640	So, yeah, you know, here, this is encouraging.
6769680	6774680	Encourage them to do good, but yet be constructive at the same time, helping them to improve.
6774680	6779680	I know when I, it's funny how you learn things and you don't, you're not trying to learn things to apply to your life.
6779680	6790680	When I was working on my master's degree, one thing I picked up in the first year of high school was that I didn't know how to write.
6790720	6795720	One thing I picked up in the feedback from instructors on assignments and stuff was they always tended to start the feedback with something positive.
6804720	6805720	Okay.
6805720	6809720	And so, I and so and so that, that stuck with me.
6809720	6810720	Okay.
6810720	6814720	You know, about the assignment or whatever, they always talked about the good things first.
6814720	6820320	the assignment or whatever. They always talked about the good things first. And so when I'm giving
6820320	6826960	feedback to students on assignments, I kind of have switched my mindset. I've tried to be very
6826960	6837040	conscious about saying something positive first, okay? Because think about it, right? If you hear
6837040	6844000	something negative yourself first, what happens? Or you read something negative, right? Your
6844000	6848560	self-esteem goes down, your emotions go down. You're going to take the rest of the feedback.
6850160	6858560	Who knows how, right? But if you hear something positive first, you know, and then be like,
6858560	6864080	hey, I'm going to pick a good chasm, okay? To your side manners or whatever. You know, you can be
6864080	6871280	like, hey, you know, you started out great. You did good. You welcomed the client. You called them
6871280	6877520	by their name. You greeted them, shook their hand, whatever. But then as I was, and then as
6877520	6883600	you were going through it, you kind of got quiet, right? Maybe you focused a little bit too much,
6883600	6888640	which they probably do at first, on focused on the task at hand and getting the hairs done or
6888640	6893680	getting the nails done. You know, maybe in the future, maybe try asking a couple of questions
6893680	6899520	and learning about. Do you think that student's going to take that feedback a little different
6899520	6904320	than just saying, you didn't do a good job. You need to ask, talk and ask more questions.
6904960	6911360	You're probably going to take it differently, right? So just think about how you can do that.
6912480	6920160	Clear goals and expectations, try to personalize it. Again, this constructive criticism,
6920960	6928160	balance that critique and praise, okay? So even if it's something that is really, really bad,
6928800	6936480	and this is challenging sometimes, you try to find that little positive, that little praise in
6936480	6942720	there when we're giving feedback, right? Because we all know that you want that praise. You want
6942720	6949360	that pat on the back somehow. Actionable and specific steps, non-comparative opportunities
6949360	6955680	for self-assessment, continuous improvement, respectful and supportive. You know, when we
6955680	6961840	talk about like actionable and specific steps, one thing could be like the next time you do this,
6961840	6971920	try X, Y, Z, right? Here's steps that you can try to do that. And then work your way through that.
6971920	6988800	Okay. I want you to pause for a moment. Just take about, when you design,
6991680	6996240	when you design, we're going to come back to this in a second. I think I got more talking points on
6996240	7002240	my sheet here. When designing assignments, it is important to be clear what you are looking for to
7002240	7007680	aid you in providing your feedback. So think about, we just talked about rubrics, right?
7007680	7015120	And improving using rubrics, and they can help you with that feedback. If you're saying, okay,
7016160	7020960	if you have a specific, and this could work with medical lab tech too, if they're dealing with
7020960	7027200	customers, right? Did you introduce the talk, you know, welcome them by name first?
7028080	7032800	That could be on the rubric question. Did you ask them a couple of questions to try to learn about
7032800	7038080	them, right? Well, if that's specifically on the rubric, you know, you can say, no, you didn't do
7038080	7045200	this, you know, so here's, do that. And maybe give, maybe in class, you guys could brainstorm,
7045200	7050560	what are some questions you might ask clients to learn more about them,
7051600	7056480	okay? And have them come up with a list of questions, and then they could have that maybe
7056480	7064720	in their background. So as we're planning for feedback and using rubrics for that,
7066080	7074080	it's important to know, just keep that in mind. And it's when you're laying out those
7074160	7081120	assignments to make sure, sure that you're clear. I find that attaching the rubric to the assignment
7081120	7089120	using bullet points on assignments to say, this is what I'm looking for, instead of like paragraph
7089120	7095120	form tends to work very well with clear communication and provide that feedback, because
7095120	7100320	the student can kind of use it like a checklist, and they can work their way down. This is what I
7100320	7109280	need to do on this assignment. And so that can become pretty, pretty useful. I do have some
7109280	7122560	resources on Schoology for you on feedback, in the feedback section here. So there's different,
7122560	7130400	these are just different ways, articles that you can read on your own, to talk about
7131120	7140400	ways to provide feedback, and how to do it. And those are just for you to read on your own.
7140400	7150160	So what I want you to do right now is, I want you to think of some ways you want to improve
7150160	7156880	your feedback to your students. How can you improve feedback to students when you're talking
7156880	7164480	with them? I'll give you about, take about three, take just a couple minutes to think about that.
7164480	7171680	And then I want you to share with your neighbor and talk about feedback, how you can bounce ideas
7171680	7176080	off each other with sharing feedback. Those of you online, I'm going to put you into
7176480	7187920	breakout rooms again, to allow you to chat, talk about ways that you can
7189600	7194800	use feedback in the classroom in different things, and share ideas back and forth.
7194800	7200640	So I'll put you in breakout rooms again, and we'll do this for about six, seven minutes.
7296320	7300000	When you're ready, Ty, if you want to come sit over here, you could chat with
7300800	7304480	Austin and Megan about feedback. And Kylie, you can talk with
7306720	7312080	household ladies. Learn to take advantage of their services. Yeah.
7312640	7316800	I don't know if you got any big ideas. Did they have any special questions?
7316800	7317760	No, they haven't. They have.
7317760	7321520	Can I hear something that could be very good? Or what's going to work for them?
7323120	7325040	Very reasonable questions.
7325040	7325540	Yes.
7342160	7350560	If it's about the time that you get to teaching, then it would be timely for an attorney.
7350560	7353280	It would be timely for them to improve.
7356640	7360800	Especially since we all need to do a lot of other stuff, and we need to regulate
7361040	7371040	the time.
7381840	7385360	I guess that would help. But for me, one of the things,
7385360	7391120	you need to do is coordinate times and space.
7415360	7417420	you
7445360	7447420	you
7475360	7478420	you
7505360	7508420	you
7535360	7538420	you
7565360	7568420	you
7595360	7598420	you
7625360	7628420	you
7655360	7657360	you
7685360	7688420	you
7715360	7717360	you
7717360	7719360	you
7719360	7721360	you
7721360	7723360	you
7744360	7746360	you
7746360	7751600	oh my gosh ladies and gentlemen online I'm so sorry I just remembered I was muted
7751600	7756960	all right so now you can hear me all right so I'm going to repeat I hope you
7756960	7764640	enjoyed sharing with with each other about learning feedback birthday September
7764640	7768480	and talk about universal design for learning when you think about
7768480	7775120	universal design the concept really first came to mind when people think of
7775120	7783640	universal design regarding like facilities okay making sure that people
7783640	7788720	in wheelchairs can get into the building people have in wheelchair with
7788720	7795440	disabilities can get up and down stairs okay but when we it can also be applied
7795440	7803600	to learning into curriculum design into assessment and so a few years ago the
7803640	7809160	the the college really embraced and embarked on this idea of including
7809160	7815680	universal design for learning into our our teaching and learning here in campus
7815680	7822800	so we're gonna start by watching a video to learn exactly what UD universal
7822800	7826680	design at the college level means
7826680	7828720	you
7831720	7834720	learning is really
7856680	7858720	you
7875520	7879520	we can't hear your video
7886680	7898000	repeat say that we're not able to hear your video you can't hear the video okay
7898000	7902000	thank you
7917280	7923400	there's stuff is hiding behind okay
7925880	7929120	well it's shared
7931360	7940200	hey all right it's saying that the sound is shared so let's try this again
7940320	7943680	well maybe I'll just stop shared
7945240	7947860	hey
7954160	7956600	Martin
7970200	7976120	Learning is really a lifelong journey and when students come to post-secondary
7976120	7980640	they're incredibly different. They have a wide range of strengths and weaknesses and
7980640	7986600	UDL is really about how to make that learning journey tractable for as many
7986600	7988760	of those learners as possible.
7988760	7994320	I think UDL is important because of the variability that we have across learners.
7994320	7998120	We often think about individuals with disabilities as individuals at the
7998120	8004200	margins and that if we can develop or create learning environments for those
8004200	8008600	individuals at either end of the bell curve we go a long way towards addressing
8008600	8010920	the needs of everyone else in between.
8010920	8016280	We've seen an enormous growth in interest in using UDL ranging from
8016280	8020200	individual faculty members wanting to use it to whole departments to sometimes
8020200	8025280	whole institutions wanting to adopt it as an approach to really better serving
8025280	8027760	the broad range of students that are on campus.
8027800	8035080	It is not about faculty being the experts or administrators being the experts
8035080	8038080	but the ethos of we're all in this together.
8039080	8044800	In a UDL classroom I felt like I wasn't you know feeling bad because you know I
8044800	8049640	didn't participate like another student. I was more so looking at myself and
8049640	8051560	trying to be my best learner.
8051560	8055920	I think this is really made my learning deeper. It's different to me than
8055920	8059840	lecture-based courses where I sort of hear information think it's really
8059840	8063120	interesting but then end up forgetting it down the line.
8063120	8067040	UDL is really critical for helping faculty feel like they can teach all
8067040	8070640	students because it's about designing for all students from the outside.
8070640	8076720	UDL is really about bringing flexibility and options into the environment by
8076720	8082360	design so that students will have the resources that they need to make
8082360	8085360	learning tractable in post-secondary environments.
8086920	8087920	Okay.
8097920	8105920	So that gives you a little bit about universal design and on the hub there is
8105920	8113920	a whole page on the hub design focus on the universal design.
8113920	8121920	So that way you can go out there and get resources to help you incorporate
8121920	8130920	some of these activities into your teaching and learning.
8130920	8135920	A lot of it as we look right here focuses on understanding executive
8135920	8141920	function and cognitive flow in the minds of our students and that brain development.
8141920	8147920	They're all coming in at difference and can definitely handle different amounts
8147920	8152920	of executive function and just understanding how different things look.
8152920	8156920	So I encourage you to spend some time focusing on that.
8156920	8163920	And there's a lot of fancy things out there regarding universal design but you
8163920	8169920	don't have to take and do a lot. Sometimes it can just be something simple.
8169920	8174920	So, for example, one way that we've incorporated universal design in
8174920	8180920	agriculture is that every single instructor lays Schoology out the same way.
8180920	8182920	So what do I mean by that?
8182920	8187920	So I'm going to go in here to my last semester.
8187920	8189920	So I don't have the semester set up.
8192920	8196920	So I go to my Plant and Soil Science class.
8196920	8200920	Okay, we all have, when I say layout statement, we all lay the coursework
8200920	8202920	folder out the same way.
8202920	8206920	We all lay the coursework folder out by week like this.
8206920	8212920	So that way when students, because the students have all of us as instructors.
8212920	8216920	They have me, they have Ryan, they have Andrew, they have Kaylee.
8216920	8220920	So that way as they're bouncing around between instructors, they know that
8220920	8225920	they're going to find everything for that week for that instructor in that
8225920	8226920	folder.
8226920	8231920	What we were seeing before we did this is that some instructors like in
8231920	8234920	under coursework, they had like a folder for tests.
8234920	8237920	They had a folder for assignments, like in-class assignments.
8237920	8240920	They had a folder for out-of-class assignments.
8240920	8245920	And so students were just very confused because they would find it in one place
8245920	8247920	on somebody's Schoology page.
8247920	8252920	They would find it, they could find it on another instructor's Schoology page.
8252920	8258920	So we found that by incorporating a simple layout like this amongst all
8258920	8262920	instructors that it really helps with that cognitive load.
8262920	8267920	And we're not dealing with in-class certain things as they're trying to
8267920	8269920	monitor between instructors.
8269920	8275920	And in fact, when we do this, when we bring an adjunct on, right, Ty, we tell
8276920	8282920	our adjuncts, we want you to lay out your course in Schoology this way.
8282920	8288920	And it's a simple universal design factor, but it really has helped our students
8288920	8291920	comprehend, okay, that's why I put the dates there.
8291920	8296920	Hey, I missed September, I missed a class this week.
8296920	8300920	Well, they can just go in and go right to this folder with this date and see what
8300920	8301920	they, right.
8301920	8306920	I don't have to specifically as an instructor say, you know, this PowerPoint,
8306920	8309920	find this PowerPoint, find this whatever in the PowerPoint folder or this
8309920	8310920	assignment here.
8310920	8311920	It's right there.
8311920	8315920	And so that is an example of something we've done.
8315920	8325920	Believe it or not, the use of rubrics is a universal design for learning that you
8325920	8326920	can use.
8327920	8332920	And part of that is it details directions.
8332920	8333920	Okay.
8333920	8340920	The more to the students of reducing that cognitive load by having detailed
8340920	8343920	directions out there.
8343920	8350920	Some other things, a couple years ago, there's a, we partnered with a college
8351920	8357920	called Landmark College out in Vermont that specifically deals, focuses on
8357920	8363920	training people across the country on this topic of universal design.
8363920	8368920	And they are a special needs college designed for special needs students.
8368920	8374920	And they implement this universal design learn throughout their curriculum.
8374920	8379920	And a group of us from campus actually got to go to their conference during the
8379920	8384920	summer out in Vermont to really learn about universal design.
8384920	8390920	And it was really instrumental in kind of changing as the way I think about do
8390920	8392920	some things in the classroom.
8392920	8395920	How many of you have, I'm going to get the room number wrong, but that room in
8395920	8399920	200 was like the tables where you can stand where we had speed of trust.
8399920	8402920	Tables you can stand has other comfortable chairs.
8402920	8403920	Okay.
8403920	8409920	That room was a, is a universal designed room to help make students more
8409920	8410920	comfortable.
8410920	8411920	Okay.
8411920	8417920	Get in a, get in a situation, get in a, a mode sitting where you're
8417920	8418920	comfortable.
8418920	8421920	I especially like the stand up tables in that room.
8421920	8424920	Now I think we should have some of the higher stand up tables.
8424920	8428920	I don't know so much about the lazy boy type chairs, but you sat in one of
8428920	8429920	those.
8429920	8430920	You were comfy.
8430920	8431920	Megan did.
8431920	8432920	Megan did.
8432920	8438920	But, you know, I, you know, so that doing something like that is universal
8438920	8439920	design.
8439920	8442920	Fidget toys.
8442920	8443920	Okay.
8443920	8449920	I have fidget toys on my desk or on my tables in my classroom.
8449920	8450920	Okay.
8450920	8452920	I teach farm kids.
8452920	8453920	Okay.
8453920	8455920	They don't sit still.
8455920	8456920	Okay.
8456920	8457920	Okay.
8457920	8462920	I find that by providing some simple fidget toys, this is another universal
8462920	8465920	design thing, for them to play with.
8465920	8466920	Guess what?
8466920	8469920	They're not playing.
8469920	8471920	Their phone.
8471920	8472920	Okay.
8472920	8477920	So I provide fidget toys for them to, to sit there and fidget with while
8477920	8482920	they are, while they're listening to lectures and doing stuff.
8482920	8485920	And I actually do find that at times.
8485920	8490920	The only thing else I do is I feed them.
8490920	8492920	What do I mean by I feed them?
8492920	8494920	I use Jolly Ranchers.
8494920	8497920	My coworker, Ryan, he uses Dumb Dumb Suckers.
8497920	8502920	But when my personal children were in elementary school, I remember one of my
8502920	8507920	kids coming home one day talking about state testing since they were giving
8507920	8511920	them like either gum to chew or like candy to suck on while they were doing
8511920	8514920	their state testing to help them focus.
8514920	8521920	But if they're doing this with elementary school kids and it works, what
8521920	8523920	about college students?
8523920	8524920	Right?
8524920	8529920	So I buy Jolly Ranchers, buy the bulk off of the Amazon, and I keep
8529920	8533920	handfuls of Jolly Ranchers with the fidget toys on the tables.
8533920	8534920	So same thing.
8534920	8538920	If they want something to suck on, help them focus or whatever, they can come
8538920	8542920	in and they can have a Jolly Rancher or they can get a Dumb Dumb from Ryan.
8542920	8546920	I know it kind of sounds silly, but you'd be amazed.
8546920	8548920	No, no it doesn't.
8548920	8554920	I had a middle school teacher that did something similar in social studies class
8554920	8561920	except she would give us notes when we did reviews for tests and then again when
8561920	8566920	we did the actual test and there is a link between taste and remembering things
8566920	8568920	very strongly.
8568920	8573920	If you have that, it's just like a very good trigger.
8573920	8575920	So I used to miss it.
8575920	8576920	Yeah.
8576920	8581920	So I mean, I know those little things work, right?
8581920	8588920	I know as an adult, I've been to some bigger sessions for organizations or
8588920	8594920	different things I've been involved with and they provided adult fidget toys to
8594920	8597920	help concentrate and stuff.
8597920	8603920	So it's again, just little things to think about that you can do that really
8603920	8607920	sometimes helps those students focus.
8607920	8611920	Now, I don't know, maybe medical lab tech, you might not want food because maybe
8611920	8615920	they can't have food in the lab and stuff, but I mean are there certain other
8615920	8618920	things that you can do to really help those students focus?
8618920	8621920	And that's what universal design is really about.
8621920	8626920	Focusing on cognitive load, helping, working on communication.
8626920	8632920	Sometimes in Landmark, they talked about how basically they talk to their
8632920	8638920	students that it's okay to walk out of a classroom.
8638920	8644920	Like if a student is feeling overwhelmed, they need to kind of reset their mind,
8644920	8648920	reset their cognitive load, the student needs to stand up and walk out of class
8648920	8652920	and kind of gather themselves and then come back, like that's okay.
8652920	8659920	And so I encourage you, those of you that are new, as you're building your
8659920	8664920	professional development plans and stuff for next year and the future, I really
8664920	8670920	encourage you to maybe do some studying, some learning about universal design.
8670920	8680920	Chris Bowers on campus in the Knox is our go-to person about UDL, but Betsy
8680920	8686920	Tollefson, I think this is supposed to be Betsy Tollefson, was also one of the
8686920	8690920	core people when the college really did this.
8690920	8697920	And so you will see all these resources here regarding universal design.
8698920	8705920	Okay, any questions on universal design or anything?
8705920	8714920	All right, I'm going to go ahead and move right into sometimes, where's my color?
8714920	8720920	Okay, so I want you to think, I'm not going to have you share again just because
8720920	8726920	I'm trying to push here today, really think about is there one little thing
8726920	8730920	that you can do this semester from the universal design aspect to incorporate
8730920	8735920	it into your classroom, whether it be fidget toys, maybe it's you're going to
8735920	8739920	switch the layout of your school to be more clear.
8739920	8745920	Maybe it's just something as simple as using a rubric or two on there to really
8745920	8748920	try to figure things out, okay?
8748920	8754920	Any questions or comments on universal design?
8754920	8757920	Okay, we're going to push through.
8757920	8766920	We're going to get into the last area for this morning, and that is using data to
8766920	8778920	inform decision making, using data to inform decision making about the teaching
8778920	8781920	and learning processes, okay?
8781920	8787920	So, data drives the decisions the college makes.
8787920	8793920	Everything we do here at the college goes back to some type of data, and
8793920	8798920	hopefully those of you that have been adjuncts really aren't involved in IVP and
8798920	8804920	don't always see the data side as much as full-time instructors, but I know
8804920	8810920	Lauren has been involved with this, and Kylie, you're going to get involved, and
8810920	8815920	Austin, you've been involved a little bit, Megan, you're tweaking on it on how
8815920	8817920	we use this data.
8817920	8824920	And so, the data that we get should have an impact on the changes you make to
8824920	8827920	your programs and to your courses, okay?
8827920	8835920	So, really when we're analyzing assessment, well, everyone did horrible on
8835920	8837920	that assessment, okay?
8837920	8843920	Well, yeah, I've got the data here to show that they averaged 60%, right?
8843920	8844920	That's bad, right?
8844920	8845920	We obviously don't want that.
8845920	8848920	You know, so what am I going to do to change that?
8848920	8852920	And so, then you reflect and you implement and you make changes, and we have a
8852920	8857920	system designed here on campus to really help that.
8857920	8861920	So, as you can see here, this is, you will see this on the assessment page on the
8861920	8862920	hub.
8862920	8868920	You'll see this hanging in various offices, but this is our culture of assessment
8868920	8875920	here on campus, and as you can see when you look at these, it impacts, we assess
8875920	8880920	the co-curriculars and the knowledge core abilities.
8880920	8887920	I believe that's, we do that through assessing our student employees on campus
8887920	8892920	and working with students that are assessing students at clubs.
8892920	8897920	The student level, we assess what's going on inside the classroom.
8897920	8904920	Faculty level, we have a support day in January to help you.
8904920	8907920	Course level, these are the course assessments.
8907920	8910920	We're going to talk a little bit about that and how to do that.
8910920	8914920	Those are the ones that need to be done with your syllabus and grades.
8914920	8921920	Program level, that's what we've worked on on Monday, okay, and the IBP
8921920	8926920	instructional vitality process when we set our TAP plans, and then also at the
8926920	8932920	college level, the institutional level, we make the advisors, financial aid
8932920	8935920	office, everyone works through that.
8935920	8941920	I need to update this slide because I know that one in October and stuff.
8941920	8944920	So that's the culture of assessment on there.
8944920	8952920	We also have our culture of, as you see here, these are two very similar cycles,
8952920	8953920	and they kind of fit together.
8953920	8959920	That's the culture of learning and the assessment cycle.
8959920	8964920	So typically when we have learning, okay, we have our health TAP form.
8964920	8967920	We're going to set our goals from those.
8967920	8968920	We're going to carry out the plan.
8968920	8970920	We're going to say did it work?
8970920	8971920	We're going to use the results.
8971920	8974920	We're going to keep doing this year after year.
8974920	8980920	We're going to document it, which is if you take those words and actually
8980920	8984920	replace them with assessment words, you're going to see that we start by
8984920	8987920	we establish criteria for success.
8987920	8991920	We're going to provide the programs and services.
8991920	8993920	We're going to determine their effectiveness.
8993920	8998920	We're going to use those results for improvement, and we're going to document it.
8998920	8999920	Okay.
8999920	9005920	Now, ultimately, this all, why do we do this?
9005920	9010920	We do this for the idea of continual improvement.
9010920	9013920	We want to improve and get better.
9013920	9018920	And some people ask, well, why do we have to document it the way that we have to document it?
9018920	9027920	And we have to document it the way that we do because HLC tells us to, right?
9027920	9037920	We have to prove to HLC that we are assessing, that we are using the data
9037920	9042920	from those assessment processes to make changes, to improve.
9042920	9048920	Now, the way that we do it here on Southwest Campus is how we choose to do it.
9048920	9051920	A different college is going to assess in different ways.
9051920	9054920	If you came from a different college, you know that.
9054920	9057920	Or if you go to work for a different college, you will see that.
9057920	9058920	Okay.
9058920	9065920	But overall, HLC tells us you have to prove to us that you're assessing your students.
9065920	9068920	Okay.
9068920	9074920	And so that's why we do these things.
9074920	9086920	And a lot of this, what we have in place today is a result of the not good review we had 10 years ago.
9086920	9087920	Okay.
9087920	9098920	And so we went from a not good review 10 years ago to where now we get asked to talk about our assessment processes at college conferences.
9098920	9101920	And people want to know what we're doing because it works.
9101920	9102920	Okay.
9102920	9105920	So where do you find the data?
9105920	9106920	All right.
9106920	9109920	So get your computers out.
9109920	9111920	Those of you online, you can play along too.
9111920	9118920	But some of you, this is going to be familiar because we just did some of this on Monday, the IVP day.
9118920	9119920	The IVP day.
9119920	9136920	But the one place to do it is actually, just remember, is on the hub.
9136920	9139920	On the hub, you go to college effectiveness.
9139920	9140920	Okay.
9140920	9143920	Any time you think of data, think of college effectiveness.
9143920	9146920	Anything data related to college effectiveness.
9146920	9148920	You can go to college effectiveness.
9148920	9156920	And a couple different places.
9156920	9158920	Okay.
9158920	9162920	First place to start is you're going to go to the data store.
9162920	9172920	In the data store, this is where in adult education, I'm not quite sure how this works for you guys.
9172920	9177920	And on the data store, you will see a list of programs.
9177920	9187920	So, Austin probably played with like Electromech programs, so I don't think the automation has one yet.
9187920	9192920	So if you just click on your program, you can see it's by school year.
9192920	9195920	So definitely here we have three years.
9195920	9206920	And in there, you're going to see what's called your program review report, your PRR.
9206920	9219920	And that is your PRR, your program review report.
9219920	9226920	And in this program review report, what we do is in August.
9226920	9229920	So I know, were you here in August?
9229920	9230920	Yes.
9230920	9231920	Okay.
9231920	9234920	And I know Lauren's been through two of them.
9234920	9237920	And Kylie, you will go through your first one next August.
9237920	9238920	Okay.
9238920	9248920	So in August, the program faculty get together and they review all this data.
9248920	9250920	And it's put together.
9250920	9253920	And you can see it's broken down here.
9268920	9279920	It's broken down into different areas.
9279920	9280920	Okay.
9280920	9290920	And you can use the information from here to provide, to answer questions about your program.
9290920	9309920	So this is important.
9309920	9313920	I'm going to show you what they used to look like.
9313920	9317920	So they used to look like this.
9317920	9321920	The data used to be specifically built into the program report.
9321920	9324920	So you could see this was last year's, right?
9324920	9325920	The data comes out.
9325920	9328920	We look right at our FTEs.
9328920	9332920	We look at our race, race and ethnicity.
9332920	9333920	And it goes all the way down.
9333920	9338920	It even breaks things down by program courses.
9338920	9341920	We see here program courses.
9341920	9345920	One thing I like about this is it's color coded.
9345920	9346920	Okay.
9346920	9351920	Which makes it, I think, very user friendly.
9351920	9352920	Okay.
9352920	9358920	Because if you see anything in red, that means, right?
9358920	9359920	Okay.
9359920	9362920	So you can see anything in red.
9362920	9368920	You know, we didn't have very well-studied performance in those courses.
9368920	9374920	And so we can look and then typically you want to look and see, okay, maybe classes where students
9374920	9379920	and students performed poorly, red or yellow, not very good.
9379920	9383920	What can we do to improve those scores?
9383920	9389920	So this is our program review report and it has all kinds of good stuff in it.
9389920	9394920	However, things have changed a little bit.
9394920	9401920	And now instead of all coming in the program review report,
9401920	9408920	it is actually on the dashboard.
9408920	9414920	So again, here in the college effectiveness dashboard,
9414920	9423920	the information that used to be in the program review report is out here on the dashboard.
9423920	9426920	So you can go and you can look for it yourself.
9426920	9428920	And you're going to have to do some building.
9428920	9432920	So let's, for example, focus on course completion rate.
9432920	9437920	So I'm going to click on course completion.
9437920	9459920	Should have permission to view it.
9459920	9469920	Okay, so it's asking us on me.
9469920	9478920	So what through Power BI, you have, if anyone can get in, great.
9478920	9481920	Because obviously I, are you nodding your head?
9481920	9483920	You're having issues too.
9483920	9496920	Okay.
9496920	9506920	So anyways, if you go to the college effectiveness dashboard on there,
9506920	9511920	you will see a lot of those categories that are in the program review report.
9511920	9521920	So if I go back to.
9521920	9525920	I go back to the program review report here.
9525920	9531920	In this section, right, where it talks about labor market,
9531920	9535920	like where it goes on here and talks about labor market data.
9535920	9539920	You can all that data is found on the dashboard.
9539920	9542920	Okay.
9542920	9544920	Program review data.
9544920	9549920	We review gender retention and graduation rates.
9549920	9553920	All those are on the dashboard.
9553920	9559920	So you can go out to the dashboard and you can find that information.
9559920	9563920	And we fill this out in August.
9563920	9569920	And we do this as a college and on your, your teams.
9569920	9571920	Okay. And we kind of guide you through it.
9571920	9573920	And we really want you to take the time.
9573920	9576920	This is what we call, we talked about it on Wednesday.
9576920	9580920	This is part of our program review process on campus.
9580920	9581920	Okay.
9581920	9585920	How do we know that our programs are doing good?
9585920	9588920	Where do I need to make changes?
9588920	9589920	Okay.
9589920	9594920	And so until this is where, so this is what we do.
9594920	9599920	And from here, we typically set a tap clean.
9599920	9606920	And one of those tab plans every year will always be associated with strengthen student learning.
9606920	9611920	We really want to.
9611920	9616920	We really want to, how are we going to strengthen student learning here on campus?
9616920	9620920	And in our program, what are we going to do to make those students better?
9620920	9625920	And so that's why in the assessment.
9625920	9630920	You can, here's mine.
9630920	9633920	Strengthen student learning.
9633920	9637920	This is the strength and started learning.
9637920	9641920	This is our agribusiness one.
9641920	9644920	This year, we're really focusing on trends and topics.
9644920	9649920	The program outcome of trends and topics and understanding what's going on.
9649920	9654920	So you can see here all this data that we have came from the dashboard.
9654920	9660920	And focusing on what we're going to do, the action and improvement.
9660920	9667920	And they're going to have the specific what is going to be titled and how we're going to work through it.
9667920	9673920	So all this decision on how to focus on that came from the program dashboard.
9673920	9681920	Does anyone have any questions so far?
9681920	9685920	So that's program review report.
9685920	9688920	You also have to assess your courses.
9688920	9694920	So when you're in here and you're going to do your course assessments, this is what we're focusing on right now.
9694920	9713920	How do you determine in each individual course what you're going to maybe.
9714920	9720920	Does anybody have any questions on how to find their program review report and we're looking through it.
9720920	9728920	So the college effectiveness team gets that dashboard updated, gets those reports ready for us to look through.
9728920	9730920	That's what they're doing during the summer.
9730920	9733920	And then we come back and we look through it.
9733920	9738920	So where do you find data on Schoology?
9738920	9743920	I'm going to kind of show you this before I walk into Schoology and do this.
9743920	9747920	But there's a couple different ways to view the statistics.
9747920	9753920	And this is what I use when I'm putting in my course assessment.
9753920	9759920	I can look here and I can say, OK, I know what the average score was.
9759920	9761920	It calculates it right for me.
9761920	9765920	So I know that I want to work on raising that average score maybe.
9765920	9776920	Sometimes if I'm saying the students need to, a specific number of students reached toward 70 percent or better, then I have to calculate that.
9776920	9785920	So on Schoology to find that.
9785920	9789920	I'm going to go back to our course.
9789920	9797920	There's a couple different ways to do this.
9797920	9810920	So, first of all, if you go to the grade book and you have like the sample assignment here,
9810920	9817920	if I click the three dots next to that and scroll down, one of the options there is to view statistics.
9817920	9820920	That's where this box will pop up.
9820920	9827920	And that will tell you what the highest grade was, what the lowest grade was, what the average was.
9827920	9832920	So that's one way to get there.
9832920	9854920	The other way is if you have the sample assignment itself open, you will notice these icons in the upper right hand corner, there's the little graph one.
9854920	9863920	If you click on that, that view stats, that brings the same screen up.
9863920	9888920	If you are in a test, the same thing, you have stats, you can view that and it will give you the same score there.
9888920	9895920	So that's how you can easily view view stats for course assessments.
9895920	9905920	So if we go back to the hub assessment and you're doing your course assessment,
9905920	9914920	this is what, if you click to my course assessment, you're going to come to a screen that says instructor view.
9914920	9919920	Send email out earlier in the week right now, you probably aren't seeing your classes there.
9919920	9921920	You'll have to find them under all items.
9921920	9933920	But if you want to look back, specifically new instructors who are teaching a class for the first time on campus, you're like, what did a person do before?
9933920	9940920	If you're in this course assessment area and you click on all items, notice what do you see?
9940920	9942920	All kinds of things.
9942920	9950920	So you can go back to the term and you can filter by all the way back to fall 24, 25 to bring up.
9950920	9960920	So Kylie, you could filter back to last spring and see what the instructors taught the class last spring had in there regarding their course assessment.
9961920	9968920	So I'm going to go ahead and I'm going to fall 25, 26.
9977920	9982920	So here's my plant and soil science from the fall.
9982920	9988920	So once you find it and you open it, it will look like this.
9988920	9993920	And you have to click edit item to actually edit.
9993920	9999920	This page here should be filled in for you on the course information.
9999920	10010920	When you get to the assessment page, what you're going to do here is you're going to, again, when you're in the edit mode,
10010920	10014920	notice when you're in the edit mode, it says beginning of semester and end of semester.
10014920	10018920	This tab you're going to do when you create your syllabuses.
10018920	10022920	This tab you're going to do when you submit your grades.
10022920	10026920	Does that make sense?
10026920	10030920	Can you help me monitor the chat?
10030920	10035920	Just see if anybody puts anything in there because I'm like in my group here.
10036920	10046920	So the beginning semester tab, one thing to notice, and this is dealing with the whole thing, is this plain text.
10046920	10049920	So try not to, if you're copying and pasting, be careful.
10049920	10055920	Assessed by, you can put your name in there, date assessed.
10055920	10059920	This can be the actual physical date that you do the assessment.
10059920	10062920	This can be the last day of the semester.
10062920	10065920	It can go either way.
10065920	10070920	And then how are you going to assess it, which is the class.
10070920	10071920	All right.
10071920	10076920	So what was my assessment activity?
10076920	10080920	So the assessment activity was the plant structures test.
10080920	10083920	How did I determine I want to work on plant structures?
10083920	10089920	Well, when reviewing the scores on the assessment, students seem to be struggling.
10089920	10090920	Okay.
10090920	10091920	Here's the average.
10091920	10097920	Here are the average scores of the three sections I taught that class in.
10097920	10099920	Kind of a wide range.
10099920	10100920	Right.
10100920	10104920	So I want to do something to prove that.
10104920	10107920	Okay.
10107920	10112920	And that the structures are related to the course competency.
10112920	10114920	Explain nutrient and water.
10114920	10118920	You will notice here that it does give you the option to choose a core ability.
10118920	10119920	Okay.
10119920	10122920	For course assessments, do not choose a core ability.
10122920	10123920	Okay.
10123920	10126920	Choose a course competency.
10126920	10131920	You're going to pull this course competency from your syllabus, from the course outcome
10131920	10132920	summary in WIDS.
10132920	10133920	Okay.
10133920	10143920	The reason you want to assess a course competency over a core ability is the purpose of these
10143920	10152920	courses are to determine if the students are learning and mastering those course competencies.
10152920	10153920	Okay.
10153920	10155920	Are core abilities important?
10155920	10156920	Yeah.
10156920	10158920	We can assess them different ways.
10158920	10159920	Okay.
10159920	10166920	But if we're assessing a core ability in a course, is that really helping us determine
10166920	10168920	if they're meeting that course competency?
10168920	10169920	No.
10169920	10170920	Lauren's like no.
10170920	10171920	Right.
10171920	10174920	The point is we want them to meet a course competency.
10174920	10177920	You want to make sure that you're filling a course competency out.
10177920	10183920	So this one is related to explain nutrient and water movement and plans.
10183920	10187920	I'm going to, I set the score, I want them to get at least 80.
10187920	10191920	When you say the standard for student success, you want them to get, I'm saying I want my
10191920	10194920	students to score at least 80%.
10194920	10201920	The cohort quality objective is I want 85% of my students to meet that.
10201920	10202920	How am I going to do that?
10202920	10205920	I was going to have students draw and label more parts.
10205920	10210920	I was going to review and practice using the models that we have.
10210920	10211920	Okay.
10211920	10218920	Then when I go over to follow up, notice that some things transfer from the beginning of
10218920	10222920	semester tab to the end of semester tab so you don't have to go back and forth.
10222920	10223920	What was I going to do?
10223920	10224920	It's there.
10224920	10227920	I was going to use the test.
10227920	10229920	What were my scores?
10229920	10230920	Okay.
10230920	10232920	So this is what I put in here.
10232920	10233920	Okay.
10233920	10241920	I said that 10 out of 17 or 59% met the goal, 4 out of 17 students failed the test.
10241920	10242920	I did horrible.
10242920	10243920	Right.
10243920	10244920	I didn't meet my goal.
10244920	10245920	You know what?
10245920	10248920	It's okay.
10248920	10253920	This don't feel like this goal has to be met.
10253920	10254920	Okay.
10254920	10257920	Because every group of students is different.
10257920	10266920	Things might happen and sometimes it just doesn't work out and you learn from that.
10266920	10268920	You're going to continue to improve.
10268920	10271920	So it's okay to not meet the goal here.
10271920	10277920	And sometimes if you have extenuating circumstances that really cause these numbers to be low.
10277920	10281920	So let's say I heard Kylie say she had a class of six.
10281920	10282920	Right.
10282920	10283920	Okay.
10283920	10284920	So she has a class of six.
10284920	10285920	Okay.
10285920	10292920	If for some reason let's say two of them pretty much stopped coming to class and she has four
10292920	10299920	that ultimately are successful but they have you have two that end up like quote unquote
10299920	10304920	family assessment because they stopped coming to class but they didn't officially draft
10304920	10305920	the class.
10305920	10307920	Her number is going to look really bad.
10307920	10308920	Yes.
10308920	10313920	So what you could do then in that circumstance and I have done that is you could say results.
10313920	10314920	Okay.
10314920	10317920	This is the number of students in the class.
10317920	10321920	However two students stopped coming to class.
10321920	10328920	So of the four that took the assignment I had a hundred percent meet my goal.
10328920	10329920	Okay.
10330920	10339920	So it's okay to explain extenuating circumstances here because it helps understand that yeah
10339920	10345920	okay maybe the numbers look poor based on the true data set but when you actually look
10345920	10351920	at truly took the assessment you can adjust that.
10351920	10354920	Follow up.
10354920	10356920	Class structures continue to be a struggle.
10356920	10357920	I will work on this again next year.
10357920	10360920	Something different type of assessment.
10360920	10364920	So I know I have the data up here to use next year.
10364920	10373920	Something else I tend to do.
10373920	10374920	I find this help.
10374920	10379920	This really helps me out.
10379920	10380920	Okay.
10380920	10381920	So right here.
10381920	10384920	This is my meet quality class from this fall.
10384920	10386920	Okay.
10386920	10397920	To avoid having to go back and look at Schoology data in August to determine what I want to
10397920	10403920	work on for course assessment I look at it and kind of make that decision when I'm closing
10403920	10408920	out this year and I put that information down here in the follow up.
10408920	10414920	So I say here I say calculating strength was an error that students were weak on this year.
10414920	10419920	Average score on this string worksheet was eighty one point ninety four percent.
10419920	10420920	Okay.
10420920	10425920	So now come August all I'm going to do I'm not going to go back into Schoology try to
10425920	10428920	figure out my data and which what I want to work on.
10428920	10431920	I already know I want to work on a string.
10431920	10435920	I already know the data that I want to improve.
10435920	10439920	I can just pull it from this and put it in that one.
10439920	10440920	Okay.
10440920	10442920	And so that makes it very easy.
10442920	10458920	So for example clothes we go back to I go back to last spring spring of twenty four
10458920	10465920	twenty five and I look at ration balancing and recursion.
10465920	10468920	I look in the follow up.
10468920	10469920	Okay.
10469920	10474920	Right here is what I'm going to use to put in my course assessment this afternoon or
10474920	10477920	Monday morning for that class.
10477920	10478920	Okay.
10478920	10480920	I already got it figured out.
10480920	10481920	Okay.
10481920	10485920	Struggle with we continue to struggle with speed ID.
10485920	10488920	The average score was ninety.
10488920	10497920	And I want to get that up to ninety five.
10497920	10499920	So right here is my data.
10499920	10502920	I already got what I'm going to do for next year.
10502920	10503920	Okay.
10503920	10506920	So this is again this is what I do to make it easier.
10506920	10508920	You don't have to do that.
10508920	10512920	You might find your own unique way to do that.
10512920	10513920	Okay.
10513920	10516920	Questions on on that.
10516920	10517920	Okay.
10517920	10523920	Any questions from people online.
10523920	10532920	Next thing I want to talk about is technical skill attainment.
10532920	10533920	Okay.
10533920	10543920	And technical skill attainment is something is this is what the technical college system
10543920	10550920	is to determine if our students have met the skills that we need that we want them
10550920	10551920	to.
10551920	10552920	Okay.
10552920	10556920	And this is what I say when we want this to be assessed as near the end of the program
10556920	10558920	as possible.
10558920	10562920	And we do this through the mastery bridges.
10562920	10565920	You heard Lisa talk about this on Tuesday.
10565920	10569920	Some of you have been meeting with adjuncts.
10570920	10576920	The main program instructors do this but they may be working with you on this if a skill
10576920	10579920	is tied to your class.
10579920	10587920	And so so lately we do this thing as we call building bridges between schoology to help
10587920	10588920	us track.
10588920	10592920	So I was telling you we had those capstone classes.
10592920	10596920	So here's the capstone project for animal science.
10596920	10601920	And this is the mastery bridge kind of rubric what it ultimately looks like in schoology
10601920	10602920	for animal science.
10602920	10608920	And you can see all the all the program outcomes are up there.
10614920	10615920	Okay.
10615920	10623920	Um are tied up here.
10623920	10634920	We've got a tie to the to the rubric and the capstone to our right into the right into
10634920	10636920	the schoology assignment.
10636920	10644920	And then ultimately when you put it in there this is what you see in schoology.
10644920	10646920	When you see the results.
10646920	10652920	But you can see we have the course competencies course objectives across the top.
10652920	10660920	And then you can see how the students did in each one of those those areas.
10660920	10667920	One thing we have I have noticed I mean you can see we got a couple of couple of these.
10667920	10676920	One thing I have noticed is that if for some reason a student and their capstone project
10676920	10683920	tends to leaves out a section in the they just decide they're not going to do for us
10683920	10691920	we have a section that's tied to some of our outcomes related to like professional development
10691920	10696920	and they have to like write their like career like their next five year goals like choose
10696920	10701920	a or an agricultural organization like Farm Bureau o'cadamons that they're going to get
10701920	10702920	involved in.
10702920	10705920	But for some reason they tend to blow that off.
10705920	10706920	Okay.
10706920	10709920	And they get they get a poor score on that.
10709920	10714920	It's going to show that they didn't beat that that that TSA.
10714920	10718920	But you know that's just how how it works.
10718920	10724920	We kind of know in our head maybe the student did in some of those areas depending on how
10724920	10725920	they did that.
10725920	10729920	But you can see there kind of how the performance was.
10729920	10733920	And so again this is all what is reported then to the state.
10733920	10735920	And there's another question.
10748920	10759920	So so that's kind of what it looks like.
10759920	10774920	So ultimately let me see.
10774920	10794920	So here's that capstone project.
10794920	10799920	So when I look it up here's here's the rubric that we've worked with.
10799920	10806920	Lisa and Tyler's the gentleman that was here before Tyler to put this rubric together.
10806920	10809920	And it's a three to one just the TSA score.
10809920	10818920	And here we can see all our program outcomes and objectives and how and then we tie them
10818920	10821920	to our to our capstone project.
10821920	10824920	And then that puts together I'm not going to click on this because I don't want to things
10824920	10826920	to potentially pop up.
10826920	10832920	But then that will give us from that completing that you eventually will get something that
10832920	10836920	works looks like this down here to show that.
10836920	10837920	Right.
10837920	10839920	Any questions on TSA.
10839920	10844920	This is usually done in May at the end of the academic year.
10844920	10849920	And Lisa Riley in the same way as person she's the one that handles that.
10849920	10860920	So direct anything related to TSA to questions on any of that stuff.
10860920	10867920	As you are working through course assessments for the first time or even not the first time.
10867920	10873920	And if you're struggling with them if you're lost please reach out to your mentor please
10873920	10878920	reach out to other people in your department to see if they can help you or reach out to me.
10878920	10879920	OK.
10879920	10885920	I'm willing to sit down with you one on one and walk you through and help you get comfortable
10885920	10888920	and filling out those course assessments.
10888920	10889920	OK.
10889920	10892920	So if you want help with them and you're not going to have them done by Monday you know
10892920	10894920	what.
10894920	10895920	OK.
10895920	10896920	Say Christina I need help.
10896920	10899920	I want to make sure that these are done right.
10899920	10902920	We'll schedule some time in the next couple of weeks and we'll get it done.
10902920	10903920	OK.
10903920	10905920	And if you're on the naughty list it'll be fine.
10905920	10906920	OK.
10906920	10909920	Because you can say hey I definitely was proceeding a little work.
10909920	10913920	I'm probably going to be the one that pulls the list anyway.
10913920	10914920	OK.
10914920	10919920	So so know that that is is an option.
10919920	10921920	All right.
10921920	10924920	Any questions on anything.
10924920	10927920	We went through a lot.
10927920	10928920	Quite a lot.
10928920	10932920	So we're going to work on wrapping up here.
10932920	10935920	OK.
10935920	10945920	So what I want you to do is so we really focus on performance based curriculum to guide learning
10945920	10952920	formative and summative assessments decision making using data and communicating.
10952920	10953920	OK.
10953920	10957920	We could easily go more in depth on any of those.
10958920	10963920	Again these are all great ideas to work on forming or finding information and doing
10963920	10965920	professional development.
10965920	10976920	So what I want you to do now as we get ready to as we wrap up here is in that in strategy
10976920	10979920	and everyone should have access to it.
10979920	10983920	This course survey here you need to take that that's for HR purposes.
10983920	10988920	But in the coursework section at the very end there's something that says end of course
10988920	10989920	take away.
10989920	10996920	So what I want you to do some people put comments in.
10996920	10999920	So you can do you can don't try not to use the comments part.
10999920	11003920	You should be going to have submissions.
11003920	11005920	Right.
11005920	11010920	You should be able to submit just type in the submission section like you were like you
11010920	11020920	were our student and just put in there the what's what's one take away from today.
11020920	11022920	What is something that you learn today.
11022920	11028920	This is how I'm assessing your learning day making it a very simple assessment.
11028920	11034920	What is one thing you learn today that you're going to implement or that you want to learn
11034920	11039920	more about or that's going to that you're going to you're going to put to work.
11039920	11040920	OK.
11040920	11042920	And so with that I'm doing good.
11042920	11045920	I said I said mental gold noon.
11045920	11046920	I got everybody out here.
11046920	11053920	I need to get you throw something in your stomach and you'll meet people at 1230.
11053920	11054920	Right.
11054920	11058920	So stop sharing.
11058920	11062920	Those of you online any questions as to what you're doing.
11062920	11068920	So once you if you have any questions online just feel free to ask otherwise go into Schoology
11068920	11073920	submit your tell me what you're going to what you learn what you're going to work on.
11073920	11079920	And thank you all for listening joining us online today.
11079920	11085920	And as you finish up submission you can you can log off.
11085920	11091920	Reach out to me at any time if you have questions.
11091920	11097920	Same.
11097920	11113920	Of course that assessment.
11113920	11117920	Did you say you wanted us to add it as a comment or not.
11117920	11118920	I'm sorry.
11118920	11121920	On the coursework.
11121920	11127920	Don't use don't use the comment section you just use it a submission like you would an assignment like you were a student.
11127920	11128920	OK.
11128920	11129920	All right.
11129920	11130920	Thank you.
11130920	11134920	Yeah.
11134920	11136920	I'm sorry.
11136920	11137920	I don't know how to do that.
11137920	11138920	I don't know how to do that.
11138920	11146920	How do I submit us assignment on Schoology.
11146920	11147920	One second Jennifer.
11147920	11148920	OK.
11148920	11151920	Thank you.
11151920	11157920	It's making me I want to just submit an assignment you just have to put it into a word deck or something.
11157920	11171920	OK.
11171920	11182920	So in Schoology and and this is you know those ones that are looking for new are looking at new somewhere over here.
11182920	11186920	You should say it should be like create submission or whatever.
11186920	11187920	Submit assignment.
11187920	11191920	It says if you click on that.
11191920	11201920	You will have the option to you can either upload a Word document or there should be like an area in there that you can just type.
11201920	11205920	This is what some as I've been watching some of the new LMS is on campus this week.
11205920	11212920	We have the option to you can make it a U.S. student so that I can show you specifically what it looks like.
11212920	11214920	Does that help you.
11214920	11215920	I think so.
11215920	11218920	I'm looking now.
11218920	11223920	If you click the middle box you can type in your response and then submit it.
11223920	11227920	If you try and do it the first box it doesn't work so well.
11227920	11228920	All right.
11228920	11230920	Going to create instead of upload.
11230920	11231920	Yeah.
11231920	11232920	Go to create.
11232920	11233920	OK.
11233920	11234920	That's what it's called.
11235920	11251920	I could show you the student view.
11251920	11257920	And those of you online once you've submitted something you can't hear more than welcome to log off.
11257920	11268920	So I want to make sure all your work.
11268920	11275920	Well I hope you guys enjoy training.
11275920	11282920	Bye.
11282920	11289920	Christina.
11289920	11291920	Yes Stacey.
11291920	11296920	It does say our assignments are late because it had a due date of twenty twenty five.
11296920	11297920	Just to let you know.
11297920	11299920	Yeah I don't care.
11299920	11302920	I know when I thought I know when I did it.
11302920	11303920	OK.
11303920	11305920	Thanks for letting me know.
11305920	11311920	You see I'm not perfect.
11311920	11327920	Actually I didn't even realize.
11327920	11333920	So do we need to resubmit where it says resubmit assignment because assignments late.
11333920	11335920	No.
11335920	11336920	OK.
11336920	11338920	So how do we know that it went through.
11338920	11340920	I know I can see it on my end.
11340920	11341920	All is good on my end.
11341920	11342920	OK.
11342920	11343920	Thank you.
11343920	11347920	Yeah.
11347920	11356920	Nine nine nine nine.
11356920	11357920	And I change.
11357920	11358920	I change the due date.
11358920	11359920	So now it says all on.
11656920	11657920	Alright.
11657920	11658920	Thank you.
11658920	11659920	OK.
11659920	11660920	We're closed.
11660920	11661920	No other questions.
11661920	11662920	Thanks for taking the time to join us today.
11662920	11663920	We're closed.
11663920	11664920	Thank you.
11664920	11665920	Bye.
11665920	11666920	Bye.
11666920	11667920	Bye.
11667920	11668920	Bye.
11668920	11669920	Bye.
11669920	11670920	Bye.
11670920	11671920	Bye.
11671920	11672920	Bye.
11672920	11673920	Bye.
11673920	11674920	Bye.
11674920	11675920	Thank you.
11675920	11676920	Thank you.
11676920	11677920	Bye.
11677920	11678920	Bye.
11678920	11679920	Bye.
11679920	11680920	Bye.
11680920	11681920	Bye.
11681920	11682920	Bye.
11682920	11683920	Bye.
11683920	11684920	Bye.
11684920	11685920	Bye.
